Workbook

Sheet Исходные данные
B1: Номер в реестре | C1: Id пакета | D1: FIO | E1: Наименование работодателя | F1: ИНН работодателя | G1: Должность | H1: Наименование организации проводившей обучение | I1: ИНН организации проводившей обучение | J1: Номер протокола | K1: Программа обучения | L1: Дата проверки знаний | M1: Результат | N1: Дата внесения в реестр | O1: Аннулировано | P1: Дата аннулирования | Q1: Источник отправки | R1: Избыток / недостаток | S1: Основание недостатка/избытка
B2: 6485895 | C2: 587412 | D2: работник 1 | E2: ООО "Амур золото". Подразделение: горно-обогатительный комплекс "Юбилейный" | F2: 2708001686 | G2: Директор | H2: Автономная некоммерческая организация дополнительного профессионального образования и сертификации "Перспектива" | I2: 2722126782 | J2: ОТ-А 0035-23 | K2: Общие вопросы охраны труда и функционирования системы управления охраной труда | L2: 26.05.2023 | M2: Успешно | N2: 01.06.2023 | Q2: Пользовательский интерфейс | R2: Нет отклонения | S2: ПП РФ № 2464, п. 53 подп. «а»: руководителю организации программа 46а требуется.
B3: 6485896 | C3: 587412 | D3: работник 2 | E3: ООО "Амур золото". Подразделение: горно-обогатительный комплекс "Юбилейный" | F3: 2708001686 | G3: Заместитель директора горно-обогатительного комплекса по производству | H3: Автономная некоммерческая организация дополнительного профессионального образования и сертификации "Перспектива" | I3: 2722126782 | J3: ОТ-А 0035-23 | K3: Общие вопросы охраны труда и функционирования системы управления охраной труда | L3: 26.05.2023 | M3: Успешно | N3: 01.06.2023 | Q3: Пользовательский интерфейс | R3: Нет отклонения | S3: ПП РФ № 2464, п. 53 подп. «б»: заместителю руководителя структурного подразделения программы 46а и 46б требуются.
B4: 6485897 | C4: 587412 | D4: работник 3 | E4: ООО "Амур золото". Подразделение: горно-обогатительный комплекс "Юбилейный" | F4: 2708001686 | G4: Инженер по промышленной безопасности и охране труда | H4: Автономная некоммерческая организация дополнительного профессионального образования и сертификации "Перспектива" | I4: 2722126782 | J4: ОТ-А 0035-23 | K4: Общие вопросы охраны труда и функционирования системы управления охраной труда | L4: 26.05.2023 | M4: Успешно | N4: 01.06.2023 | Q4: Пользовательский интерфейс | R4: Нет отклонения | S4: ПП РФ № 2464, п. 53 подп. «г»: специалисту по охране труда программа 46а требуется.
B5: 6485898 | C5: 587412 | D5: работник 4 | E5: ООО "Амур золото". Подразделение: горно-обогатительный комплекс "Юбилейный" | F5: 2708001686 | G5: Инженер по промышленной безопасности и охране труда | H5: Автономная некоммерческая организация дополнительного профессионального образования и сертификации "Перспектива" | I5: 2722126782 | J5: ОТ-А 0035-23 | K5: Общие вопросы охраны труда и функционирования системы управления охраной труда | L5: 26.05.2023 | M5: Успешно | N5: 01.06.2023 | Q5: Пользовательский интерфейс | R5: Нет отклонения | S5: ПП РФ № 2464, п. 53 подп. «г»: специалисту по охране труда программа 46а требуется.
B6: 6485899 | C6: 587412 | D6: работник 5 | E6: ООО "Амур золото". Подразделение: горно-обогатительный комплекс "Юбилейный" | F6: 2708001686 | G6: Механик по ремонту самоходного транспорта | H6: Автономная некоммерческая организация дополнительного профессионального образования и сертификации "Перспектива" | I6: 2722126782 | J6: ОТ-А 0035-23 | K6: Общие вопросы охраны труда и функционирования системы управления охраной труда | L6: 26.05.2023 | M6: Успешно | N6: 01.06.2023 | Q6: Пользовательский интерфейс | R6: Избыток обучения | S6: ПП РФ № 2464, п. 53 подп. «в»: специалисту программа 46а не требуется, установлена программа 46б.
B7: 6485900 | C7: 587412 | D7: работник 6 | E7: ООО "Амур золото". Подразделение: горно-обогатительный комплекс "Юбилейный" | F7: 2708001686 | G7: Заместитель начальника участка по буровзрывным работам | H7: Автономная некоммерческая организация дополнительного профессионального образования и сертификации "Перспектива" | I7: 2722126782 | J7: ОТ-А 0035-23 | K7: Общие вопросы охраны труда и функционирования системы управления охраной труда | L7: 26.05.2023 | M7: Успешно | N7: 01.06.2023 | Q7: Пользовательский интерфейс | R7: Нет отклонения | S7: ПП РФ № 2464, п. 53 подп. «б»: заместителю руководителя структурного подразделения программы 46а и 46б требуются.
B8: 6485901 | C8: 587412 | D8: работник 7 | E8: ООО "Амур золото". Подразделение: горно-обогатительный комплекс "Юбилейный" | F8: 2708001686 | G8: Главный технолог | H8: Автономная некоммерческая организация дополнительного профессионального образования и сертификации "Перспектива" | I8: 2722126782 | J8: ОТ-А 0035-23 | K8: Общие вопросы охраны труда и функционирования системы управления охраной труда | L8: 26.05.2023 | M8: Успешно | N8: 01.06.2023 | Q8: Пользовательский интерфейс | R8: Избыток обучения | S8: ПП РФ № 2464, п. 53 подп. «в»: должность не названа руководителем структурного подразделения, специалисту программа 46а не требуется.
B9: 6485902 | C9: 587412 | D9: работник 8 | E9: ООО "Амур золото". Подразделение: горно-обогатительный комплекс "Юбилейный" | F9: 2708001686 | G9: Начальник золотоизвлекательной фабрики | H9: Автономная некоммерческая организация дополнительного профессионального образования и сертификации "Перспектива" | I9: 2722126782 | J9: ОТ-А 0035-23 | K9: Общие вопросы охраны труда и функционирования системы управления охраной труда | L9: 26.05.2023 | M9: Успешно | N9: 01.06.2023 | Q9: Пользовательский интерфейс | R9: Нет отклонения | S9: ПП РФ № 2464, п. 53 подп. «б»: руководителю структурного подразделения программы 46а и 46б требуются.
B10: 6485903 | C10: 587412 | D10: работник 9 | E10: ООО "Амур золото". Подразделение: горно-обогатительный комплекс "Юбилейный" | F10: 2708001686 | G10: Заместитель начальника золотоизвлекательной фабрики | H10: Автономная некоммерческая организация дополнительного профессионального образования и сертификации "Перспектива" | I10: 2722126782 | J10: ОТ-А 0035-23 | K10: Общие вопросы охраны труда и функционирования системы управления охраной труда | L10: 26.05.2023 | M10: Успешно | N10: 01.06.2023 | Q10: Пользовательский интерфейс | R10: Нет отклонения | S10: ПП РФ № 2464, п. 53 подп. «б»: заместителю руководителя структурного подразделения программы 46а и 46б требуются.
B11: 6485904 | C11: 587412 | D11: работник 10 | E11: ООО "Амур золото". Подразделение: горно-обогатительный комплекс "Юбилейный" | F11: 2708001686 | G11: Главный энергетик | H11: Автономная некоммерческая организация дополнительного профессионального образования и сертификации "Перспектива" | I11: 2722126782 | J11: ОТ-А 0035-23 | K11: Общие вопросы охраны труда и функционирования системы управления охраной труда | L11: 26.05.2023 | M11: Успешно | N11: 01.06.2023 | Q11: Пользовательский интерфейс | R11: Избыток обучения | S11: ПП РФ № 2464, п. 53 подп. «в»: должность не названа руководителем структурного подразделения, специалисту программа 46а не требуется.
B12: 6485905 | C12: 587412 | D12: работник 11 | E12: ООО "Амур золото". Подразделение: горно-обогатительный комплекс "Юбилейный" | F12: 2708001686 | G12: Теплотехник | H12: Автономная некоммерческая организация дополнительного профессионального образования и сертификации "Перспектива" | I12: 2722126782 | J12: ОТ-А 0035-23 | K12: Общие вопросы охраны труда и функционирования системы управления охраной труда | L12: 26.05.2023 | M12: Успешно | N12: 01.06.2023 | Q12: Пользовательский интерфейс | R12: Избыток обучения | S12: ПП РФ № 2464, п. 53 подп. «в»: специалисту программа 46а не требуется, установлена программа 46б.
B13: 6485906 | C13: 587412 | D13: работник 12 | E13: ООО "Амур золото". Подразделение: горно-обогатительный комплекс "Юбилейный" | F13: 2708001686 | G13: Электромеханик подземного горного участка | H13: Автономная некоммерческая организация дополнительного профессионального образования и сертификации "Перспектива" | I13: 2722126782 | J13: ОТ-А 0035-23 | K13: Общие вопросы охраны труда и функционирования системы управления охраной труда | L13: 26.05.2023 | M13: Успешно | N13: 01.06.2023 | Q13: Пользовательский интерфейс | R13: Избыток обучения | S13: ПП РФ № 2464, п. 53 подп. «в»: специалисту программа 46а не требуется, установлена программа 46б.
... B15: 6485908 | C15: 587412 | D15: работник 14 | E15: ООО "Амур золото". Подразделение: горно-обогатительный комплекс "Юбилейный" | F15: 2708001686 | G15: Начальник автотранспортного цеха | H15: Автономная некоммерческая организация дополнительного профессионального образования и сертификации "Перспектива" | I15: 2722126782 | J15: ОТ-А 0035-23 | K15: Общие вопросы охраны труда и функционирования системы управления охраной труда | L15: 26.05.2023 | M15: Успешно | N15: 01.06.2023 | Q15: Пользовательский интерфейс | R15: Нет отклонения | S15: ПП РФ № 2464, п. 53 подп. «б»: руководителю структурного подразделения программы 46а и 46б требуются.
B16: 6485909 | C16: 587412 | D16: работник 1 | E16: ООО "Амур золото". Подразделение: горно-обогатительный комплекс "Юбилейный" | F16: 2708001686 | G16: Директор | H16: Автономная некоммерческая организация дополнительного профессионального образования и сертификации "Перспектива" | I16: 2722126782 | J16: ОТ-Б 0033-23 | K16: Безопасные методы и приемы выполнения работ при воздействии вредных и (или) опасных производственных факторов, источников опасности, идентифицированных в рамках специальной оценки условий труда и оценки профессиональных рисков | L16: 26.05.2023 | M16: Успешно | N16: 01.06.2023 | Q16: Пользовательский интерфейс
B17: 6485910 | C17: 587412 | D17: работник 2 | E17: ООО "Амур золото". Подразделение: горно-обогатительный комплекс "Юбилейный" | F17: 2708001686 | G17: Заместитель директора горно-обогатительного комплекса по производству | H17: Автономная некоммерческая организация дополнительного профессионального образования и сертификации "Перспектива" | I17: 2722126782 | J17: ОТ-Б 0033-23 | K17: Безопасные методы и приемы выполнения работ при воздействии вредных и (или) опасных производственных факторов, источников опасности, идентифицированных в рамках специальной оценки условий труда и оценки профессиональных рисков | L17: 26.05.2023 | M17: Успешно | N17: 01.06.2023 | Q17: Пользовательский интерфейс
B18: 6485911 | C18: 587412 | D18: работник 3 | E18: ООО "Амур золото". Подразделение: горно-обогатительный комплекс "Юбилейный" | F18: 2708001686 | G18: Инженер по промышленной безопасности и охране труда | H18: Автономная некоммерческая организация дополнительного профессионального образования и сертификации "Перспектива" | I18: 2722126782 | J18: ОТ-Б 0033-23 | K18: Безопасные методы и приемы выполнения работ при воздействии вредных и (или) опасных производственных факторов, источников опасности, идентифицированных в рамках специальной оценки условий труда и оценки профессиональных рисков | L18: 26.05.2023 | M18: Успешно | N18: 01.06.2023 | Q18: Пользовательский интерфейс
B19: 6485912 | C19: 587412 | D19: работник 4 | E19: ООО "Амур золото". Подразделение: горно-обогатительный комплекс "Юбилейный" | F19: 2708001686 | G19: Инженер по промышленной безопасности и охране труда | H19: Автономная некоммерческая организация дополнительного профессионального образования и сертификации "Перспектива" | I19: 2722126782 | J19: ОТ-Б 0033-23 | K19: Безопасные методы и приемы выполнения работ при воздействии вредных и (или) опасных производственных факторов, источников опасности, идентифицированных в рамках специальной оценки условий труда и оценки профессиональных рисков | L19: 26.05.2023 | M19: Успешно | N19: 01.06.2023 | Q19: Пользовательский интерфейс
B20: 6485913 | C20: 587412 | D20: работник 5 | E20: ООО "Амур золото". Подразделение: горно-обогатительный комплекс "Юбилейный" | F20: 2708001686 | G20: Механик по ремонту самоходного транспорта | H20: Автономная некоммерческая организация дополнительного профессионального образования и сертификации "Перспектива" | I20: 2722126782 | J20: ОТ-Б 0033-23 | K20: Безопасные методы и приемы выполнения работ при воздействии вредных и (или) опасных производственных факторов, источников опасности, идентифицированных в рамках специальной оценки условий труда и оценки профессиональных рисков | L20: 26.05.2023 | M20: Успешно | N20: 01.06.2023 | Q20: Пользовательский интерфейс
B21: 6485914 | C21: 587412 | D21: работник 6 | E21: ООО "Амур золото". Подразделение: горно-обогатительный комплекс "Юбилейный" | F21: 2708001686 | G21: Заместитель начальника участка по буровзрывным работам | H21: Автономная некоммерческая организация дополнительного профессионального образования и сертификации "Перспектива" | I21: 2722126782 | J21: ОТ-Б 0033-23 | K21: Безопасные методы и приемы выполнения работ при воздействии вредных и (или) опасных производственных факторов, источников опасности, идентифицированных в рамках специальной оценки условий труда и оценки профессиональных рисков | L21: 26.05.2023 | M21: Успешно | N21: 01.06.2023 | Q21: Пользовательский интерфейс
B22: 6485915 | C22: 587412 | D22: работник 7 | E22: ООО "Амур золото". Подразделение: горно-обогатительный комплекс "Юбилейный" | F22: 2708001686 | G22: Главный технолог | H22: Автономная некоммерческая организация дополнительного профессионального образования и сертификации "Перспектива" | I22: 2722126782 | J22: ОТ-Б 0033-23 | K22: Безопасные методы и приемы выполнения работ при воздействии вредных и (или) опасных производственных факторов, источников опасности, идентифицированных в рамках специальной оценки условий труда и оценки профессиональных рисков | L22: 26.05.2023 | M22: Успешно | N22: 01.06.2023 | Q22: Пользовательский интерфейс
B23: 6485916 | C23: 587412 | D23: работник 8 | E23: ООО "Амур золото". Подразделение: горно-обогатительный комплекс "Юбилейный" | F23: 2708001686 | G23: Начальник золотоизвлекательной фабрики | H23: Автономная некоммерческая организация дополнительного профессионального образования и сертификации "Перспектива" | I23: 2722126782 | J23: ОТ-Б 0033-23 | K23: Безопасные методы и приемы выполнения работ при воздействии вредных и (или) опасных производственных факторов, источников опасности, идентифицированных в рамках специальной оценки условий труда и оценки профессиональных рисков | L23: 26.05.2023 | M23: Успешно | N23: 01.06.2023 | Q23: Пользовательский интерфейс
B24: 6485917 | C24: 587412 | D24: работник 9 | E24: ООО "Амур золото". Подразделение: горно-обогатительный комплекс "Юбилейный" | F24: 2708001686 | G24: Заместитель начальника золотоизвлекательной фабрики | H24: Автономная некоммерческая организация дополнительного профессионального образования и сертификации "Перспектива" | I24: 2722126782 | J24: ОТ-Б 0033-23 | K24: Безопасные методы и приемы выполнения работ при воздействии вредных и (или) опасных производственных факторов, источников опасности, идентифицированных в рамках специальной оценки условий труда и оценки профессиональных рисков | L24: 26.05.2023 | M24: Успешно | N24: 01.06.2023 | Q24: Пользовательский интерфейс
B25: 6485918 | C25: 587412 | D25: работник 10 | E25: ООО "Амур золото". Подразделение: горно-обогатительный комплекс "Юбилейный" | F25: 2708001686 | G25: Главный энергетик | H25: Автономная некоммерческая организация дополнительного профессионального образования и сертификации "Перспектива" | I25: 2722126782 | J25: ОТ-Б 0033-23 | K25: Безопасные методы и приемы выполнения работ при воздействии вредных и (или) опасных производственных факторов, источников опасности, идентифицированных в рамках специальной оценки условий труда и оценки профессиональных рисков | L25: 26.05.2023 | M25: Успешно | N25: 01.06.2023 | Q25: Пользовательский интерфейс
B26: 6485919 | C26: 587412 | D26: работник 11 | E26: ООО "Амур золото". Подразделение: горно-обогатительный комплекс "Юбилейный" | F26: 2708001686 | G26: Теплотехник | H26: Автономная некоммерческая организация дополнительного профессионального образования и сертификации "Перспектива" | I26: 2722126782 | J26: ОТ-Б 0033-23 | K26: Безопасные методы и приемы выполнения работ при воздействии вредных и (или) опасных производственных факторов, источников опасности, идентифицированных в рамках специальной оценки условий труда и оценки профессиональных рисков | L26: 26.05.2023 | M26: Успешно | N26: 01.06.2023 | Q26: Пользовательский интерфейс
B27: 6485920 | C27: 587412 | D27: работник 12 | E27: ООО "Амур золото". Подразделение: горно-обогатительный комплекс "Юбилейный" | F27: 2708001686 | G27: Электромеханик подземного горного участка | H27: Автономная некоммерческая организация дополнительного профессионального образования и сертификации "Перспектива" | I27: 2722126782 | J27: ОТ-Б 0033-23 | K27: Безопасные методы и приемы выполнения работ при воздействии вредных и (или) опасных производственных факторов, источников опасности, идентифицированных в рамках специальной оценки условий труда и оценки профессиональных рисков | L27: 26.05.2023 | M27: Успешно | N27: 01.06.2023 | Q27: Пользовательский интерфейс
... B1669: 90580099 | C1669: 6934388 | D1669: работник 32 | E1669: ОБЩЕСТВО С ОГРАНИЧЕННОЙ ОТВЕТСТВЕННОСТЬЮ "АМУР ЗОЛОТО" | F1669: 2708001686 | G1669: Электромонтер по ремонту и обслуживанию электрооборудования | H1669: ООО "Амур Золото" | I1669: 2708001686 | J1669: ОТ № ЮГОК ЗИОФ 24-38 | K1669: Безопасные методы и приемы выполнения работ при воздействии вредных и (или) опасных производственных факторов, источников опасности, идентифицированных в рамках специальной оценки условий труда и оценки профессиональных рисков | L1669: 25.11.2024 | M1669: Успешно | N1669: 02.12.2024 | Q1669: Пользовательский интерфейс
B1670: 96539060 | C1670: 7135797 | D1670: работник 94 | E1670: ОБЩЕСТВО С ОГРАНИЧЕННОЙ ОТВЕТСТВЕННОСТЬЮ "АМУР ЗОЛОТО" | F1670: 2708001686 | G1670: Горнорабочий на геологических работах | H1670: ООО "Амур Золото" | I1670: 2708001686 | J1670: ОТ № ЮГОК ГМО 24-05 | K1670: Использование (применение) средств индивидуальной защиты | L1670: 10.12.2024 | M1670: Успешно | N1670: 28.12.2024
B1671: 96539061 | C1671: 7135797 | D1671: работник 94 | E1671: ОБЩЕСТВО С ОГРАНИЧЕННОЙ ОТВЕТСТВЕННОСТЬЮ "АМУР ЗОЛОТО" | F1671: 2708001686 | G1671: Горнорабочий на геологических работах | H1671: ООО "Амур Золото" | I1671: 2708001686 | J1671: ОТ № ЮГОК ГМО 24-05 | K1671: Безопасные методы и приемы выполнения работ при воздействии вредных и (или) опасных производственных факторов, источников опасности, идентифицированных в рамках специальной оценки условий труда и оценки профессиональных рисков | L1671: 10.12.2024 | M1671: Успешно | N1671: 28.12.2024
B1672: 96539062 | C1672: 7135797 | D1672: работник 506 | E1672: ОБЩЕСТВО С ОГРАНИЧЕННОЙ ОТВЕТСТВЕННОСТЬЮ "АМУР ЗОЛОТО" | F1672: 2708001686 | G1672: Филтровальщик | H1672: ООО "Амур Золото" | I1672: 2708001686 | J1672: ОТ № ЮГОК ЗИОФ 24-39 | K1672: Использование (применение) средств индивидуальной защиты | L1672: 10.12.2024 | M1672: Успешно | N1672: 28.12.2024
B1673: 96539063 | C1673: 7135797 | D1673: работник 506 | E1673: ОБЩЕСТВО С ОГРАНИЧЕННОЙ ОТВЕТСТВЕННОСТЬЮ "АМУР ЗОЛОТО" | F1673: 2708001686 | G1673: Филтровальщик | H1673: ООО "Амур Золото" | I1673: 2708001686 | J1673: ОТ № ЮГОК ЗИОФ 24-39 | K1673: Безопасные методы и приемы выполнения работ при воздействии вредных и (или) опасных производственных факторов, источников опасности, идентифицированных в рамках специальной оценки условий труда и оценки профессиональных рисков | L1673: 10.12.2024 | M1673: Успешно | N1673: 28.12.2024
B1674: 96539064 | C1674: 7135797 | D1674: работник 23 | E1674: ОБЩЕСТВО С ОГРАНИЧЕННОЙ ОТВЕТСТВЕННОСТЬЮ "АМУР ЗОЛОТО" | F1674: 2708001686 | G1674: Слесарь-ремонтник | H1674: ООО "Амур Золото" | I1674: 2708001686 | J1674: ОТ № ЮГОК ЗИОФ 24-40 | K1674: Безопасные методы и приемы выполнения работ при размещении, монтаже, техническом обслуживании и ремонте технологического оборудования (включая технологическое оборудование) | L1674: 10.12.2024 | M1674: Успешно | N1674: 28.12.2024
B1675: 96539065 | C1675: 7135797 | D1675: работник 23 | E1675: ОБЩЕСТВО С ОГРАНИЧЕННОЙ ОТВЕТСТВЕННОСТЬЮ "АМУР ЗОЛОТО" | F1675: 2708001686 | G1675: Слесарь-ремонтник | H1675: ООО "Амур Золото" | I1675: 2708001686 | J1675: ОТ № ЮГОК ЗИОФ 24-40 | K1675: Безопасные методы и приемы выполнения работ на высоте | L1675: 10.12.2024 | M1675: Успешно | N1675: 28.12.2024
B1676: 96539066 | C1676: 7135797 | D1676: работник 23 | E1676: ОБЩЕСТВО С ОГРАНИЧЕННОЙ ОТВЕТСТВЕННОСТЬЮ "АМУР ЗОЛОТО" | F1676: 2708001686 | G1676: Слесарь-ремонтник | H1676: ООО "Амур Золото" | I1676: 2708001686 | J1676: ОТ № ЮГОК ЗИОФ 24-40 | K1676: Безопасные методы и приемы выполнения работ в ограниченных и замкнутых пространствах (ОЗП) | L1676: 10.12.2024 | M1676: Успешно | N1676: 28.12.2024
B1677: 96539067 | C1677: 7135797 | D1677: работник 23 | E1677: ОБЩЕСТВО С ОГРАНИЧЕННОЙ ОТВЕТСТВЕННОСТЬЮ "АМУР ЗОЛОТО" | F1677: 2708001686 | G1677: Слесарь-ремонтник | H1677: ООО "Амур Золото" | I1677: 2708001686 | J1677: ОТ № ЮГОК ЗИОФ 24-40 | K1677: Безопасные методы и приемы выполнения огневых работ | L1677: 10.12.2024 | M1677: Успешно | N1677: 28.12.2024
B1678: 96539068 | C1678: 7135797 | D1678: работник 23 | E1678: ОБЩЕСТВО С ОГРАНИЧЕННОЙ ОТВЕТСТВЕННОСТЬЮ "АМУР ЗОЛОТО" | F1678: 2708001686 | G1678: Слесарь-ремонтник | H1678: ООО "Амур Золото" | I1678: 2708001686 | J1678: ОТ № ЮГОК ЗИОФ 24-40 | K1678: Безопасные методы и приемы выполнения работ, связанные с эксплуатацией подъемных сооружений | L1678: 10.12.2024 | M1678: Успешно | N1678: 28.12.2024
B1679: 96539069 | C1679: 7135797 | D1679: работник 23 | E1679: ОБЩЕСТВО С ОГРАНИЧЕННОЙ ОТВЕТСТВЕННОСТЬЮ "АМУР ЗОЛОТО" | F1679: 2708001686 | G1679: Слесарь-ремонтник | H1679: ООО "Амур Золото" | I1679: 2708001686 | J1679: ОТ № ЮГОК ЗИОФ 24-40 | K1679: Безопасные методы и приемы выполнения работ, связанные с эксплуатацией сосудов, работающих под избыточным давлением | L1679: 10.12.2024 | M1679: Успешно | N1679: 28.12.2024
B1680: 96539070 | C1680: 7135797 | D1680: работник 24 | E1680: ОБЩЕСТВО С ОГРАНИЧЕННОЙ ОТВЕТСТВЕННОСТЬЮ "АМУР ЗОЛОТО" | F1680: 2708001686 | G1680: Слесарь-ремонтник | H1680: ООО "Амур Золото" | I1680: 2708001686 | J1680: ОТ № ЮГОК ЗИОФ 24-40 | K1680: Безопасные методы и приемы выполнения работ при размещении, монтаже, техническом обслуживании и ремонте технологического оборудования (включая технологическое оборудование) | L1680: 10.12.2024 | M1680: Успешно | N1680: 28.12.2024
B1681: 96539071 | C1681: 7135797 | D1681: работник 24 | E1681: ОБЩЕСТВО С ОГРАНИЧЕННОЙ ОТВЕТСТВЕННОСТЬЮ "АМУР ЗОЛОТО" | F1681: 2708001686 | G1681: Слесарь-ремонтник | H1681: ООО "Амур Золото" | I1681: 2708001686 | J1681: ОТ № ЮГОК ЗИОФ 24-40 | K1681: Безопасные методы и приемы выполнения работ на высоте | L1681: 10.12.2024 | M1681: Успешно | N1681: 28.12.2024
... B1801: 99714083 | C1801: 7576385 | D1801: работник 509 | E1801: ОБЩЕСТВО С ОГРАНИЧЕННОЙ ОТВЕТСТВЕННОСТЬЮ "АМУР ЗОЛОТО" | F1801: 2708001686 | G1801: Горнорабочиий на маркшейдерских работах | H1801: ООО "Амур Золото" | I1801: 2708001686 | J1801: ОТ №ЮГОК ГМО 25-01 | K1801: Безопасные методы и приемы выполнения работ при воздействии вредных и (или) опасных производственных факторов, источников опасности, идентифицированных в рамках специальной оценки условий труда и оценки профессиональных рисков | L1801: 22.01.2025 | M1801: Успешно | N1801: 24.01.2025
B1802: 110446257 | C1802: 8371772 | D1802: работник 515 | E1802: ОБЩЕСТВО С ОГРАНИЧЕННОЙ ОТВЕТСТВЕННОСТЬЮ "АМУР ЗОЛОТО" | F1802: 2708001686 | G1802: Машинист бульдозера | H1802: ООО "Амур Золото" | I1802: 2708001686 | J1802: ОТ № ЮГОК АТЦ 25-02 | K1802: Использование (применение) средств индивидуальной защиты | L1802: 15.02.2025 | M1802: Успешно | N1802: 18.03.2025 | Q1802: Пользовательский интерфейс
B1803: 110446258 | C1803: 8371772 | D1803: работник 515 | E1803: ОБЩЕСТВО С ОГРАНИЧЕННОЙ ОТВЕТСТВЕННОСТЬЮ "АМУР ЗОЛОТО" | F1803: 2708001686 | G1803: Машинист бульдозера | H1803: ООО "Амур Золото" | I1803: 2708001686 | J1803: ОТ № ЮГОК АТЦ 25-02 | K1803: Безопасные методы и приемы выполнения работ при воздействии вредных и (или) опасных производственных факторов, источников опасности, идентифицированных в рамках специальной оценки условий труда и оценки профессиональных рисков | L1803: 15.02.2025 | M1803: Успешно | N1803: 18.03.2025 | Q1803: Пользовательский интерфейс
B1804: 110446259 | C1804: 8371772 | D1804: работник 516 | E1804: ОБЩЕСТВО С ОГРАНИЧЕННОЙ ОТВЕТСТВЕННОСТЬЮ "АМУР ЗОЛОТО" | F1804: 2708001686 | G1804: Водитель автомобиля (категория D) | H1804: ООО "Амур Золото" | I1804: 2708001686 | J1804: ОТ № ЮГОК АТЦ 25-03 | K1804: Использование (применение) средств индивидуальной защиты | L1804: 23.02.2025 | M1804: Успешно | N1804: 18.03.2025 | Q1804: Пользовательский интерфейс
B1805: 110446260 | C1805: 8371772 | D1805: работник 516 | E1805: ОБЩЕСТВО С ОГРАНИЧЕННОЙ ОТВЕТСТВЕННОСТЬЮ "АМУР ЗОЛОТО" | F1805: 2708001686 | G1805: Водитель автомобиля (категория D) | H1805: ООО "Амур Золото" | I1805: 2708001686 | J1805: ОТ № ЮГОК АТЦ 25-03 | K1805: Безопасные методы и приемы выполнения работ при воздействии вредных и (или) опасных производственных факторов, источников опасности, идентифицированных в рамках специальной оценки условий труда и оценки профессиональных рисков | L1805: 23.02.2025 | M1805: Успешно | N1805: 18.03.2025 | Q1805: Пользовательский интерфейс
B1806: 110446261 | C1806: 8371772 | D1806: работник 517 | E1806: ОБЩЕСТВО С ОГРАНИЧЕННОЙ ОТВЕТСТВЕННОСТЬЮ "АМУР ЗОЛОТО" | F1806: 2708001686 | G1806: Водитель автомобиля (категория D) | H1806: ООО "Амур Золото" | I1806: 2708001686 | J1806: ОТ № ЮГОК АТЦ 25-04 | K1806: Использование (применение) средств индивидуальной защиты | L1806: 23.02.2025 | M1806: Успешно | N1806: 18.03.2025 | Q1806: Пользовательский интерфейс
B1807: 110446262 | C1807: 8371772 | D1807: работник 517 | E1807: ОБЩЕСТВО С ОГРАНИЧЕННОЙ ОТВЕТСТВЕННОСТЬЮ "АМУР ЗОЛОТО" | F1807: 2708001686 | G1807: Водитель автомобиля (категория D) | H1807: ООО "Амур Золото" | I1807: 2708001686 | J1807: ОТ № ЮГОК АТЦ 25-04 | K1807: Безопасные методы и приемы выполнения работ при воздействии вредных и (или) опасных производственных факторов, источников опасности, идентифицированных в рамках специальной оценки условий труда и оценки профессиональных рисков | L1807: 23.02.2025 | M1807: Успешно | N1807: 18.03.2025 | Q1807: Пользовательский интерфейс
B1808: 110446263 | C1808: 8371772 | D1808: работник 518 | E1808: ОБЩЕСТВО С ОГРАНИЧЕННОЙ ОТВЕТСТВЕННОСТЬЮ "АМУР ЗОЛОТО" | F1808: 2708001686 | G1808: Водитель автомобиля (категория D) | H1808: ООО "Амур Золото" | I1808: 2708001686 | J1808: ОТ № ЮГОК АТЦ 25-05 | K1808: Использование (применение) средств индивидуальной защиты | L1808: 23.02.2025 | M1808: Успешно | N1808: 18.03.2025 | Q1808: Пользовательский интерфейс
B1809: 110446264 | C1809: 8371772 | D1809: работник 518 | E1809: ОБЩЕСТВО С ОГРАНИЧЕННОЙ ОТВЕТСТВЕННОСТЬЮ "АМУР ЗОЛОТО" | F1809: 2708001686 | G1809: Водитель автомобиля (категория D) | H1809: ООО "Амур Золото" | I1809: 2708001686 | J1809: ОТ № ЮГОК АТЦ 25-05 | K1809: Безопасные методы и приемы выполнения работ при воздействии вредных и (или) опасных производственных факторов, источников опасности, идентифицированных в рамках специальной оценки условий труда и оценки профессиональных рисков | L1809: 23.02.2025 | M1809: Успешно | N1809: 18.03.2025 | Q1809: Пользовательский интерфейс
B1810: 110446265 | C1810: 8371772 | D1810: работник 519 | E1810: ОБЩЕСТВО С ОГРАНИЧЕННОЙ ОТВЕТСТВЕННОСТЬЮ "АМУР ЗОЛОТО" | F1810: 2708001686 | G1810: Водитель автомобиля (категория D) | H1810: ООО "Амур Золото" | I1810: 2708001686 | J1810: ОТ № ЮГОК АТЦ 25-06 | K1810: Использование (применение) средств индивидуальной защиты | L1810: 04.03.2025 | M1810: Успешно | N1810: 18.03.2025 | Q1810: Пользовательский интерфейс
B1811: 110446266 | C1811: 8371772 | D1811: работник 519 | E1811: ОБЩЕСТВО С ОГРАНИЧЕННОЙ ОТВЕТСТВЕННОСТЬЮ "АМУР ЗОЛОТО" | F1811: 2708001686 | G1811: Водитель автомобиля (категория D) | H1811: ООО "Амур Золото" | I1811: 2708001686 | J1811: ОТ № ЮГОК АТЦ 25-06 | K1811: Безопасные методы и приемы выполнения работ при воздействии вредных и (или) опасных производственных факторов, источников опасности, идентифицированных в рамках специальной оценки условий труда и оценки профессиональных рисков | L1811: 04.03.2025 | M1811: Успешно | N1811: 18.03.2025 | Q1811: Пользовательский интерфейс
B1812: 110446267 | C1812: 8371772 | D1812: работник 520 | E1812: ОБЩЕСТВО С ОГРАНИЧЕННОЙ ОТВЕТСТВЕННОСТЬЮ "АМУР ЗОЛОТО" | F1812: 2708001686 | G1812: Водитель автомобиля (занятый на транспортировании горной массы в технологическом процессе) | H1812: ООО "Амур Золото" | I1812: 2708001686 | J1812: ОТ № ЮГОК АТЦ 25-07 | K1812: Использование (применение) средств индивидуальной защиты | L1812: 09.03.2025 | M1812: Успешно | N1812: 18.03.2025 | Q1812: Пользовательский интерфейс
B1813: 110446268 | C1813: 8371772 | D1813: работник 520 | E1813: ОБЩЕСТВО С ОГРАНИЧЕННОЙ ОТВЕТСТВЕННОСТЬЮ "АМУР ЗОЛОТО" | F1813: 2708001686 | G1813: Водитель автомобиля (занятый на транспортировании горной массы в технологическом процессе) | H1813: ООО "Амур Золото" | I1813: 2708001686 | J1813: ОТ № ЮГОК АТЦ 25-07 | K1813: Безопасные методы и приемы выполнения работ при воздействии вредных и (или) опасных производственных факторов, источников опасности, идентифицированных в рамках специальной оценки условий труда и оценки профессиональных рисков | L1813: 09.03.2025 | M1813: Успешно | N1813: 18.03.2025 | Q1813: Пользовательский интерфейс
... B1853: 110446308 | C1853: 8371772 | D1853: работник 78 | E1853: ОБЩЕСТВО С ОГРАНИЧЕННОЙ ОТВЕТСТВЕННОСТЬЮ "АМУР ЗОЛОТО" | F1853: 2708001686 | G1853: Электрогазосварщик (занятый на резке и ручной сварке) | H1853: ООО "Амур Золото" | I1853: 2708001686 | J1853: ОТ № ЮГОК РСУ 25-01 | K1853: Безопасные методы и приемы выполнения работ при воздействии вредных и (или) опасных производственных факторов, источников опасности, идентифицированных в рамках специальной оценки условий труда и оценки профессиональных рисков | L1853: 29.01.2025 | M1853: Успешно | N1853: 18.03.2025 | Q1853: Пользовательский интерфейс
B1854: 121097069 | C1854: 9114030 | D1854: работник 535 | E1854: ОБЩЕСТВО С ОГРАНИЧЕННОЙ ОТВЕТСТВЕННОСТЬЮ "АМУР ЗОЛОТО" | F1854: 2708001686 | G1854: Водитель автомобиля (категория D) | H1854: ООО "Амур Золото" | I1854: 2708001686 | J1854: ОТ № ЮГОК АТЦ 25-08 | K1854: Использование (применение) средств индивидуальной защиты | L1854: 18.03.2025 | M1854: Успешно | N1854: 13.05.2025
B1855: 121097070 | C1855: 9114030 | D1855: работник 535 | E1855: ОБЩЕСТВО С ОГРАНИЧЕННОЙ ОТВЕТСТВЕННОСТЬЮ "АМУР ЗОЛОТО" | F1855: 2708001686 | G1855: Водитель автомобиля (категория D) | H1855: ООО "Амур Золото" | I1855: 2708001686 | J1855: ОТ № ЮГОК АТЦ 25-08 | K1855: Безопасные методы и приемы выполнения работ при воздействии вредных и (или) опасных производственных факторов, источников опасности, идентифицированных в рамках специальной оценки условий труда и оценки профессиональных рисков | L1855: 18.03.2025 | M1855: Успешно | N1855: 13.05.2025
B1856: 121097071 | C1856: 9114030 | D1856: работник 63 | E1856: ОБЩЕСТВО С ОГРАНИЧЕННОЙ ОТВЕТСТВЕННОСТЬЮ "АМУР ЗОЛОТО" | F1856: 2708001686 | G1856: Горнорабочий на геологических работах | H1856: ООО "Амур Золото" | I1856: 2708001686 | J1856: ОТ № ЮГОК ГМО 25-04 | K1856: Использование (применение) средств индивидуальной защиты | L1856: 26.01.2025 | M1856: Успешно | N1856: 13.05.2025
B1857: 121097072 | C1857: 9114030 | D1857: работник 63 | E1857: ОБЩЕСТВО С ОГРАНИЧЕННОЙ ОТВЕТСТВЕННОСТЬЮ "АМУР ЗОЛОТО" | F1857: 2708001686 | G1857: Горнорабочий на геологических работах | H1857: ООО "Амур Золото" | I1857: 2708001686 | J1857: ОТ № ЮГОК ГМО 25-04 | K1857: Безопасные методы и приемы выполнения работ при воздействии вредных и (или) опасных производственных факторов, источников опасности, идентифицированных в рамках специальной оценки условий труда и оценки профессиональных рисков | L1857: 26.01.2025 | M1857: Успешно | N1857: 13.05.2025
B1858: 121097073 | C1858: 9114030 | D1858: работник 536 | E1858: ОБЩЕСТВО С ОГРАНИЧЕННОЙ ОТВЕТСТВЕННОСТЬЮ "АМУР ЗОЛОТО" | F1858: 2708001686 | G1858: Растворщик реагентов | H1858: ООО "Амур Золото" | I1858: 2708001686 | J1858: ОТ № ЮГОК ЗИОФ 25-09 | K1858: Использование (применение) средств индивидуальной защиты | L1858: 22.03.2025 | M1858: Успешно | N1858: 13.05.2025
B1859: 121097074 | C1859: 9114030 | D1859: работник 536 | E1859: ОБЩЕСТВО С ОГРАНИЧЕННОЙ ОТВЕТСТВЕННОСТЬЮ "АМУР ЗОЛОТО" | F1859: 2708001686 | G1859: Растворщик реагентов | H1859: ООО "Амур Золото" | I1859: 2708001686 | J1859: ОТ № ЮГОК ЗИОФ 25-09 | K1859: Безопасные методы и приемы выполнения работ при воздействии вредных и (или) опасных производственных факторов, источников опасности, идентифицированных в рамках специальной оценки условий труда и оценки профессиональных рисков | L1859: 22.03.2025 | M1859: Успешно | N1859: 13.05.2025
B1860: 121097075 | C1860: 9114030 | D1860: работник 449 | E1860: ОБЩЕСТВО С ОГРАНИЧЕННОЙ ОТВЕТСТВЕННОСТЬЮ "АМУР ЗОЛОТО" | F1860: 2708001686 | G1860: Аппаратчик-гидрометаллург | H1860: ООО "Амур Золото" | I1860: 2708001686 | J1860: ОТ № ЮГОК ЗИОФ 25-10 | K1860: Использование (применение) средств индивидуальной защиты | L1860: 01.04.2025 | M1860: Успешно | N1860: 13.05.2025
B1861: 121097076 | C1861: 9114030 | D1861: работник 449 | E1861: ОБЩЕСТВО С ОГРАНИЧЕННОЙ ОТВЕТСТВЕННОСТЬЮ "АМУР ЗОЛОТО" | F1861: 2708001686 | G1861: Аппаратчик-гидрометаллург | H1861: ООО "Амур Золото" | I1861: 2708001686 | J1861: ОТ № ЮГОК ЗИОФ 25-10 | K1861: Безопасные методы и приемы выполнения работ при воздействии вредных и (или) опасных производственных факторов, источников опасности, идентифицированных в рамках специальной оценки условий труда и оценки профессиональных рисков | L1861: 01.04.2025 | M1861: Успешно | N1861: 13.05.2025
B1862: 121097077 | C1862: 9114030 | D1862: работник 450 | E1862: ОБЩЕСТВО С ОГРАНИЧЕННОЙ ОТВЕТСТВЕННОСТЬЮ "АМУР ЗОЛОТО" | F1862: 2708001686 | G1862: Аппаратчик-гидрометаллург | H1862: ООО "Амур Золото" | I1862: 2708001686 | J1862: ОТ № ЮГОК ЗИОФ 25-11 | K1862: Использование (применение) средств индивидуальной защиты | L1862: 01.04.2025 | M1862: Успешно | N1862: 13.05.2025
B1863: 121097078 | C1863: 9114030 | D1863: работник 450 | E1863: ОБЩЕСТВО С ОГРАНИЧЕННОЙ ОТВЕТСТВЕННОСТЬЮ "АМУР ЗОЛОТО" | F1863: 2708001686 | G1863: Аппаратчик-гидрометаллург | H1863: ООО "Амур Золото" | I1863: 2708001686 | J1863: ОТ № ЮГОК ЗИОФ 25-11 | K1863: Безопасные методы и приемы выполнения работ при воздействии вредных и (или) опасных производственных факторов, источников опасности, идентифицированных в рамках специальной оценки условий труда и оценки профессиональных рисков | L1863: 01.04.2025 | M1863: Успешно | N1863: 13.05.2025
B1864: 121097079 | C1864: 9114030 | D1864: работник 537 | E1864: ОБЩЕСТВО С ОГРАНИЧЕННОЙ ОТВЕТСТВЕННОСТЬЮ "АМУР ЗОЛОТО" | F1864: 2708001686 | G1864: Фильтровальщик | H1864: ООО "Амур Золото" | I1864: 2708001686 | J1864: ОТ № ЮГОК ЗИОФ 25-12 | K1864: Использование (применение) средств индивидуальной защиты | L1864: 05.04.2025 | M1864: Успешно | N1864: 13.05.2025
B1865: 121097080 | C1865: 9114030 | D1865: работник 537 | E1865: ОБЩЕСТВО С ОГРАНИЧЕННОЙ ОТВЕТСТВЕННОСТЬЮ "АМУР ЗОЛОТО" | F1865: 2708001686 | G1865: Фильтровальщик | H1865: ООО "Амур Золото" | I1865: 2708001686 | J1865: ОТ № ЮГОК ЗИОФ 25-12 | K1865: Безопасные методы и приемы выполнения работ при воздействии вредных и (или) опасных производственных факторов, источников опасности, идентифицированных в рамках специальной оценки условий труда и оценки профессиональных рисков | L1865: 05.04.2025 | M1865: Успешно | N1865: 13.05.2025
... B1966: 131313264 | C1966: 9873379 | D1966: работник 575 | E1966: ОБЩЕСТВО С ОГРАНИЧЕННОЙ ОТВЕТСТВЕННОСТЬЮ "АМУР ЗОЛОТО" | F1966: 2708001686 | G1966: Механик холодильных установок | H1966: ООО "Амур Золото" | I1966: 2708001686 | J1966: ОТ № ЮГОК ЭУ 25-06 | K1966: Безопасные методы и приемы выполнения работ при воздействии вредных и (или) опасных производственных факторов, источников опасности, идентифицированных в рамках специальной оценки условий труда и оценки профессиональных рисков | L1966: 26.06.2025 | M1966: Успешно | N1966: 10.07.2025
B1967: 136189666 | C1967: 10216156 | D1967: работник 556 | E1967: ОБЩЕСТВО С ОГРАНИЧЕННОЙ ОТВЕТСТВЕННОСТЬЮ "АМУР ЗОЛОТО" | F1967: 2708001686 | G1967: Электромонтер по ремонту и обслуживанию электрооборудования | H1967: ООО "Амур Золото" | I1967: 2708001686 | J1967: ОТ № ЮГОК ЗИОФ 25-23 | K1967: Использование (применение) средств индивидуальной защиты | L1967: 22.07.2025 | M1967: Успешно | N1967: 06.08.2025 | Q1967: Пользовательский интерфейс
B1968: 136189667 | C1968: 10216156 | D1968: работник 556 | E1968: ОБЩЕСТВО С ОГРАНИЧЕННОЙ ОТВЕТСТВЕННОСТЬЮ "АМУР ЗОЛОТО" | F1968: 2708001686 | G1968: Электромонтер по ремонту и обслуживанию электрооборудования | H1968: ООО "Амур Золото" | I1968: 2708001686 | J1968: ОТ № ЮГОК ЗИОФ 25-23 | K1968: Безопасные методы и приемы выполнения работ при воздействии вредных и (или) опасных производственных факторов, источников опасности, идентифицированных в рамках специальной оценки условий труда и оценки профессиональных рисков | L1968: 22.07.2025 | M1968: Успешно | N1968: 06.08.2025 | Q1968: Пользовательский интерфейс
B1969: 136189668 | C1969: 10216156 | D1969: работник 576 | E1969: ОБЩЕСТВО С ОГРАНИЧЕННОЙ ОТВЕТСТВЕННОСТЬЮ "АМУР ЗОЛОТО" | F1969: 2708001686 | G1969: Фильтровальщик | H1969: ООО "Амур Золото" | I1969: 2708001686 | J1969: ОТ № ЮГОК ЗИОФ 25-24 | K1969: Использование (применение) средств индивидуальной защиты | L1969: 25.07.2025 | M1969: Успешно | N1969: 06.08.2025 | Q1969: Пользовательский интерфейс
B1970: 136189669 | C1970: 10216156 | D1970: работник 576 | E1970: ОБЩЕСТВО С ОГРАНИЧЕННОЙ ОТВЕТСТВЕННОСТЬЮ "АМУР ЗОЛОТО" | F1970: 2708001686 | G1970: Фильтровальщик | H1970: ООО "Амур Золото" | I1970: 2708001686 | J1970: ОТ № ЮГОК ЗИОФ 25-24 | K1970: Безопасные методы и приемы выполнения работ при воздействии вредных и (или) опасных производственных факторов, источников опасности, идентифицированных в рамках специальной оценки условий труда и оценки профессиональных рисков | L1970: 25.07.2025 | M1970: Успешно | N1970: 06.08.2025 | Q1970: Пользовательский интерфейс
B1971: 136189670 | C1971: 10216156 | D1971: работник 577 | E1971: ОБЩЕСТВО С ОГРАНИЧЕННОЙ ОТВЕТСТВЕННОСТЬЮ "АМУР ЗОЛОТО" | F1971: 2708001686 | G1971: Аппаратчик-гидрометаллург | H1971: ООО "Амур Золото" | I1971: 2708001686 | J1971: ОТ № ЮГОК ЗИОФ 25-25 | K1971: Использование (применение) средств индивидуальной защиты | L1971: 31.07.2025 | M1971: Успешно | N1971: 06.08.2025 | Q1971: Пользовательский интерфейс
B1972: 136189671 | C1972: 10216156 | D1972: работник 577 | E1972: ОБЩЕСТВО С ОГРАНИЧЕННОЙ ОТВЕТСТВЕННОСТЬЮ "АМУР ЗОЛОТО" | F1972: 2708001686 | G1972: Аппаратчик-гидрометаллург | H1972: ООО "Амур Золото" | I1972: 2708001686 | J1972: ОТ № ЮГОК ЗИОФ 25-25 | K1972: Безопасные методы и приемы выполнения работ при воздействии вредных и (или) опасных производственных факторов, источников опасности, идентифицированных в рамках специальной оценки условий труда и оценки профессиональных рисков | L1972: 31.07.2025 | M1972: Успешно | N1972: 06.08.2025 | Q1972: Пользовательский интерфейс
B1973: 136189672 | C1973: 10216156 | D1973: работник 578 | E1973: ОБЩЕСТВО С ОГРАНИЧЕННОЙ ОТВЕТСТВЕННОСТЬЮ "АМУР ЗОЛОТО" | F1973: 2708001686 | G1973: Пробоотборщик | H1973: ООО "Амур Золото" | I1973: 2708001686 | J1973: ОТ № ЮГОК ОТК 25-07 | K1973: Использование (применение) средств индивидуальной защиты | L1973: 10.07.2025 | M1973: Успешно | N1973: 06.08.2025 | Q1973: Пользовательский интерфейс
B1974: 136189673 | C1974: 10216156 | D1974: работник 578 | E1974: ОБЩЕСТВО С ОГРАНИЧЕННОЙ ОТВЕТСТВЕННОСТЬЮ "АМУР ЗОЛОТО" | F1974: 2708001686 | G1974: Пробоотборщик | H1974: ООО "Амур Золото" | I1974: 2708001686 | J1974: ОТ № ЮГОК ОТК 25-07 | K1974: Безопасные методы и приемы выполнения работ при воздействии вредных и (или) опасных производственных факторов, источников опасности, идентифицированных в рамках специальной оценки условий труда и оценки профессиональных рисков | L1974: 10.07.2025 | M1974: Успешно | N1974: 06.08.2025 | Q1974: Пользовательский интерфейс
B1975: 136189674 | C1975: 10216156 | D1975: работник 238 | E1975: ОБЩЕСТВО С ОГРАНИЧЕННОЙ ОТВЕТСТВЕННОСТЬЮ "АМУР ЗОЛОТО" | F1975: 2708001686 | G1975: Лаборант пробирного анализа | H1975: ООО "Амур Золото" | I1975: 2708001686 | J1975: ОТ № ЮГОК ПАЛ 25-05 | K1975: Использование (применение) средств индивидуальной защиты | L1975: 08.07.2025 | M1975: Успешно | N1975: 06.08.2025 | Q1975: Пользовательский интерфейс
B1976: 136189675 | C1976: 10216156 | D1976: работник 238 | E1976: ОБЩЕСТВО С ОГРАНИЧЕННОЙ ОТВЕТСТВЕННОСТЬЮ "АМУР ЗОЛОТО" | F1976: 2708001686 | G1976: Лаборант пробирного анализа | H1976: ООО "Амур Золото" | I1976: 2708001686 | J1976: ОТ № ЮГОК ПАЛ 25-05 | K1976: Безопасные методы и приемы выполнения работ при воздействии вредных и (или) опасных производственных факторов, источников опасности, идентифицированных в рамках специальной оценки условий труда и оценки профессиональных рисков | L1976: 08.07.2025 | M1976: Успешно | N1976: 06.08.2025 | Q1976: Пользовательский интерфейс
B1977: 136189676 | C1977: 10216156 | D1977: работник 359 | E1977: ОБЩЕСТВО С ОГРАНИЧЕННОЙ ОТВЕТСТВЕННОСТЬЮ "АМУР ЗОЛОТО" | F1977: 2708001686 | G1977: Дробильщик | H1977: ООО "Амур Золото" | I1977: 2708001686 | J1977: ОТ № ЮГОК ПАЛ 25-06 | K1977: Использование (применение) средств индивидуальной защиты | L1977: 13.07.2025 | M1977: Успешно | N1977: 06.08.2025 | Q1977: Пользовательский интерфейс
B1978: 136189677 | C1978: 10216156 | D1978: работник 359 | E1978: ОБЩЕСТВО С ОГРАНИЧЕННОЙ ОТВЕТСТВЕННОСТЬЮ "АМУР ЗОЛОТО" | F1978: 2708001686 | G1978: Дробильщик | H1978: ООО "Амур Золото" | I1978: 2708001686 | J1978: ОТ № ЮГОК ПАЛ 25-06 | K1978: Безопасные методы и приемы выполнения работ при воздействии вредных и (или) опасных производственных факторов, источников опасности, идентифицированных в рамках специальной оценки условий труда и оценки профессиональных рисков | L1978: 13.07.2025 | M1978: Успешно | N1978: 06.08.2025 | Q1978: Пользовательский интерфейс
... B2057: 157028429 | C2057: 11703555 | D2057: работник 43 | E2057: ОБЩЕСТВО С ОГРАНИЧЕННОЙ ОТВЕТСТВЕННОСТЬЮ "АМУР ЗОЛОТО" | F2057: 2708001686 | G2057: Весовщик | H2057: ООО "Амур Золото" | I2057: 2708001686 | J2057: ОТ № ЮГОК ОТК 25-02 | K2057: Безопасные методы и приемы выполнения работ при воздействии вредных и (или) опасных производственных факторов, источников опасности, идентифицированных в рамках специальной оценки условий труда и оценки профессиональных рисков | L2057: 22.10.2025 | M2057: Успешно | N2057: 23.11.2025 | Q2057: Пользовательский интерфейс
B2058: 163550859 | C2058: 12120704 | D2058: работник 607 | E2058: ОБЩЕСТВО С ОГРАНИЧЕННОЙ ОТВЕТСТВЕННОСТЬЮ "АМУР ЗОЛОТО" | F2058: 2708001686 | G2058: Весовщик | H2058: ООО "Амур Золото" | I2058: 2708001686 | J2058: ОТ № ЮГОК ПГУ 25-12 | K2058: Использование (применение) средств индивидуальной защиты | L2058: 13.12.2025 | M2058: Успешно | N2058: 19.12.2025
B2059: 163550860 | C2059: 12120704 | D2059: работник 607 | E2059: ОБЩЕСТВО С ОГРАНИЧЕННОЙ ОТВЕТСТВЕННОСТЬЮ "АМУР ЗОЛОТО" | F2059: 2708001686 | G2059: Весовщик | H2059: ООО "Амур Золото" | I2059: 2708001686 | J2059: ОТ № ЮГОК ПГУ 25-12 | K2059: Безопасные методы и приемы выполнения работ при воздействии вредных и (или) опасных производственных факторов, источников опасности, идентифицированных в рамках специальной оценки условий труда и оценки профессиональных рисков | L2059: 13.12.2025 | M2059: Успешно | N2059: 19.12.2025
B2060: 163550861 | C2060: 12120704 | D2060: работник 608 | E2060: ОБЩЕСТВО С ОГРАНИЧЕННОЙ ОТВЕТСТВЕННОСТЬЮ "АМУР ЗОЛОТО" | F2060: 2708001686 | G2060: Стропальщик (с исполнением обязанностей грузчика) | H2060: ООО "Амур Золото" | I2060: 2708001686 | J2060: ОТ № ЮГОК ПГУ 25-21 | K2060: Использование (применение) средств индивидуальной защиты | L2060: 13.12.2025 | M2060: Успешно | N2060: 19.12.2025
B2061: 163550862 | C2061: 12120704 | D2061: работник 608 | E2061: ОБЩЕСТВО С ОГРАНИЧЕННОЙ ОТВЕТСТВЕННОСТЬЮ "АМУР ЗОЛОТО" | F2061: 2708001686 | G2061: Стропальщик (с исполнением обязанностей грузчика) | H2061: ООО "Амур Золото" | I2061: 2708001686 | J2061: ОТ № ЮГОК ПГУ 25-21 | K2061: Безопасные методы и приемы выполнения работ при воздействии вредных и (или) опасных производственных факторов, источников опасности, идентифицированных в рамках специальной оценки условий труда и оценки профессиональных рисков | L2061: 13.12.2025 | M2061: Успешно | N2061: 19.12.2025
B2062: 163550863 | C2062: 12120704 | D2062: работник 91 | E2062: ОБЩЕСТВО С ОГРАНИЧЕННОЙ ОТВЕТСТВЕННОСТЬЮ "АМУР ЗОЛОТО" | F2062: 2708001686 | G2062: Стропальщик (с исполнением обязанностей грузчика) | H2062: ООО "Амур Золото" | I2062: 2708001686 | J2062: ОТ № ЮГОК ПГУ 25-21 | K2062: Использование (применение) средств индивидуальной защиты | L2062: 13.12.2025 | M2062: Успешно | N2062: 19.12.2025
B2063: 163550864 | C2063: 12120704 | D2063: работник 91 | E2063: ОБЩЕСТВО С ОГРАНИЧЕННОЙ ОТВЕТСТВЕННОСТЬЮ "АМУР ЗОЛОТО" | F2063: 2708001686 | G2063: Стропальщик (с исполнением обязанностей грузчика) | H2063: ООО "Амур Золото" | I2063: 2708001686 | J2063: ОТ № ЮГОК ПГУ 25-21 | K2063: Безопасные методы и приемы выполнения работ при воздействии вредных и (или) опасных производственных факторов, источников опасности, идентифицированных в рамках специальной оценки условий труда и оценки профессиональных рисков | L2063: 13.12.2025 | M2063: Успешно | N2063: 19.12.2025
B2064: 163550865 | C2064: 12120704 | D2064: работник 609 | E2064: ОБЩЕСТВО С ОГРАНИЧЕННОЙ ОТВЕТСТВЕННОСТЬЮ "АМУР ЗОЛОТО" | F2064: 2708001686 | G2064: Слесарь-сантехник | H2064: ООО "Амур Золото" | I2064: 2708001686 | J2064: ОТ № ЮГОК ПГУ 25-23 | K2064: Использование (применение) средств индивидуальной защиты | L2064: 14.12.2025 | M2064: Успешно | N2064: 19.12.2025
B2065: 163550866 | C2065: 12120704 | D2065: работник 609 | E2065: ОБЩЕСТВО С ОГРАНИЧЕННОЙ ОТВЕТСТВЕННОСТЬЮ "АМУР ЗОЛОТО" | F2065: 2708001686 | G2065: Слесарь-сантехник | H2065: ООО "Амур Золото" | I2065: 2708001686 | J2065: ОТ № ЮГОК ПГУ 25-23 | K2065: Безопасные методы и приемы выполнения работ при воздействии вредных и (или) опасных производственных факторов, источников опасности, идентифицированных в рамках специальной оценки условий труда и оценки профессиональных рисков | L2065: 14.12.2025 | M2065: Успешно | N2065: 19.12.2025
B2066: 163550867 | C2066: 12120704 | D2066: работник 610 | E2066: ОБЩЕСТВО С ОГРАНИЧЕННОЙ ОТВЕТСТВЕННОСТЬЮ "АМУР ЗОЛОТО" | F2066: 2708001686 | G2066: Аппаратчик воздухоразделения | H2066: ООО "Амур Золото" | I2066: 2708001686 | J2066: ОТ № ЮГОК ПГУ 25-24 | K2066: Использование (применение) средств индивидуальной защиты | L2066: 14.12.2025 | M2066: Успешно | N2066: 19.12.2025
B2067: 163550868 | C2067: 12120704 | D2067: работник 610 | E2067: ОБЩЕСТВО С ОГРАНИЧЕННОЙ ОТВЕТСТВЕННОСТЬЮ "АМУР ЗОЛОТО" | F2067: 2708001686 | G2067: Аппаратчик воздухоразделения | H2067: ООО "Амур Золото" | I2067: 2708001686 | J2067: ОТ № ЮГОК ПГУ 25-24 | K2067: Безопасные методы и приемы выполнения работ при воздействии вредных и (или) опасных производственных факторов, источников опасности, идентифицированных в рамках специальной оценки условий труда и оценки профессиональных рисков | L2067: 14.12.2025 | M2067: Успешно | N2067: 19.12.2025
B2068: 163550869 | C2068: 12120704 | D2068: работник 611 | E2068: ОБЩЕСТВО С ОГРАНИЧЕННОЙ ОТВЕТСТВЕННОСТЬЮ "АМУР ЗОЛОТО" | F2068: 2708001686 | G2068: Машинист двигателей внутреннего сгорания | H2068: ООО "Амур Золото" | I2068: 2708001686 | J2068: ОТ № ЮГОК ПГУ 25-25 | K2068: Использование (применение) средств индивидуальной защиты | L2068: 14.12.2025 | M2068: Успешно | N2068: 19.12.2025
B2069: 163550870 | C2069: 12120704 | D2069: работник 611 | E2069: ОБЩЕСТВО С ОГРАНИЧЕННОЙ ОТВЕТСТВЕННОСТЬЮ "АМУР ЗОЛОТО" | F2069: 2708001686 | G2069: Машинист двигателей внутреннего сгорания | H2069: ООО "Амур Золото" | I2069: 2708001686 | J2069: ОТ № ЮГОК ПГУ 25-25 | K2069: Безопасные методы и приемы выполнения работ при воздействии вредных и (или) опасных производственных факторов, источников опасности, идентифицированных в рамках специальной оценки условий труда и оценки профессиональных рисков | L2069: 14.12.2025 | M2069: Успешно | N2069: 19.12.2025
... B2079: 163550880 | C2079: 12120704 | D2079: работник 616 | E2079: ОБЩЕСТВО С ОГРАНИЧЕННОЙ ОТВЕТСТВЕННОСТЬЮ "АМУР ЗОЛОТО" | F2079: 2708001686 | G2079: Электромонтер по ремонту и обслуживанию электрооборудования | H2079: ООО "Амур Золото" | I2079: 2708001686 | J2079: ОТ № ЮГОК ПГУ 25-38 | K2079: Безопасные методы и приемы выполнения работ при воздействии вредных и (или) опасных производственных факторов, источников опасности, идентифицированных в рамках специальной оценки условий труда и оценки профессиональных рисков | L2079: 11.11.2025 | M2079: Успешно | N2079: 19.12.2025
B2080: 164868621 | C2080: 12210086 | D2080: работник 617 | E2080: ОБЩЕСТВО С ОГРАНИЧЕННОЙ ОТВЕТСТВЕННОСТЬЮ "АМУР ЗОЛОТО" | F2080: 2708001686 | G2080: Фильтровальщик | H2080: ООО "Амур Золото" | I2080: 2708001686 | J2080: ОТ № ЮГОК ЗИОФ 25-37 | K2080: Использование (применение) средств индивидуальной защиты | L2080: 20.12.2025 | M2080: Успешно | N2080: 25.12.2025 | Q2080: Пользовательский интерфейс
B2081: 164868622 | C2081: 12210086 | D2081: работник 617 | E2081: ОБЩЕСТВО С ОГРАНИЧЕННОЙ ОТВЕТСТВЕННОСТЬЮ "АМУР ЗОЛОТО" | F2081: 2708001686 | G2081: Фильтровальщик | H2081: ООО "Амур Золото" | I2081: 2708001686 | J2081: ОТ № ЮГОК ЗИОФ 25-37 | K2081: Безопасные методы и приемы выполнения работ при воздействии вредных и (или) опасных производственных факторов, источников опасности, идентифицированных в рамках специальной оценки условий труда и оценки профессиональных рисков | L2081: 20.12.2025 | M2081: Успешно | N2081: 25.12.2025 | Q2081: Пользовательский интерфейс
B2082: 164868623 | C2082: 12210086 | D2082: работник 618 | E2082: ОБЩЕСТВО С ОГРАНИЧЕННОЙ ОТВЕТСТВЕННОСТЬЮ "АМУР ЗОЛОТО" | F2082: 2708001686 | G2082: Бункеровщик | H2082: ООО "Амур Золото" | I2082: 2708001686 | J2082: ОТ № ЮГОК ЗИОФ 25-41 | K2082: Использование (применение) средств индивидуальной защиты | L2082: 24.12.2025 | M2082: Успешно | N2082: 25.12.2025 | Q2082: Пользовательский интерфейс
B2083: 164868624 | C2083: 12210086 | D2083: работник 618 | E2083: ОБЩЕСТВО С ОГРАНИЧЕННОЙ ОТВЕТСТВЕННОСТЬЮ "АМУР ЗОЛОТО" | F2083: 2708001686 | G2083: Бункеровщик | H2083: ООО "Амур Золото" | I2083: 2708001686 | J2083: ОТ № ЮГОК ЗИОФ 25-41 | K2083: Безопасные методы и приемы выполнения работ при воздействии вредных и (или) опасных производственных факторов, источников опасности, идентифицированных в рамках специальной оценки условий труда и оценки профессиональных рисков | L2083: 24.12.2025 | M2083: Успешно | N2083: 25.12.2025 | Q2083: Пользовательский интерфейс
B2084: 164868625 | C2084: 12210086 | D2084: работник 619 | E2084: ОБЩЕСТВО С ОГРАНИЧЕННОЙ ОТВЕТСТВЕННОСТЬЮ "АМУР ЗОЛОТО" | F2084: 2708001686 | G2084: Электрослесарь (слесарь) дежурный и по ремонту оборудования | H2084: ООО "Амур Золото" | I2084: 2708001686 | J2084: ОТ № ЮГОК ЭУ 25-44 | K2084: Использование (применение) средств индивидуальной защиты | L2084: 25.12.2025 | M2084: Успешно | N2084: 25.12.2025 | Q2084: Пользовательский интерфейс
B2085: 164868626 | C2085: 12210086 | D2085: работник 619 | E2085: ОБЩЕСТВО С ОГРАНИЧЕННОЙ ОТВЕТСТВЕННОСТЬЮ "АМУР ЗОЛОТО" | F2085: 2708001686 | G2085: Электрослесарь (слесарь) дежурный и по ремонту оборудования | H2085: ООО "Амур Золото" | I2085: 2708001686 | J2085: ОТ № ЮГОК ЭУ 25-44 | K2085: Безопасные методы и приемы выполнения работ при воздействии вредных и (или) опасных производственных факторов, источников опасности, идентифицированных в рамках специальной оценки условий труда и оценки профессиональных рисков | L2085: 25.12.2025 | M2085: Успешно | N2085: 25.12.2025 | Q2085: Пользовательский интерфейс
B2086: 164868627 | C2086: 12210086 | D2086: работник 620 | E2086: ОБЩЕСТВО С ОГРАНИЧЕННОЙ ОТВЕТСТВЕННОСТЬЮ "АМУР ЗОЛОТО" | F2086: 2708001686 | G2086: Машинист двигателей внутреннего сгорания | H2086: ООО "Амур Золото" | I2086: 2708001686 | J2086: ОТ № ЮГОК ЭУ 25-45 | K2086: Использование (применение) средств индивидуальной защиты | L2086: 25.12.2025 | M2086: Успешно | N2086: 25.12.2025 | Q2086: Пользовательский интерфейс
B2087: 164868628 | C2087: 12210086 | D2087: работник 620 | E2087: ОБЩЕСТВО С ОГРАНИЧЕННОЙ ОТВЕТСТВЕННОСТЬЮ "АМУР ЗОЛОТО" | F2087: 2708001686 | G2087: Машинист двигателей внутреннего сгорания | H2087: ООО "Амур Золото" | I2087: 2708001686 | J2087: ОТ № ЮГОК ЭУ 25-45 | K2087: Безопасные методы и приемы выполнения работ при воздействии вредных и (или) опасных производственных факторов, источников опасности, идентифицированных в рамках специальной оценки условий труда и оценки профессиональных рисков | L2087: 25.12.2025 | M2087: Успешно | N2087: 25.12.2025 | Q2087: Пользовательский интерфейс
...

Sheet Сводная
A1: FIO | B1: Должность | C1: Наименование работодателя | D1: ИНН работодателя | E1: Наименование организации проводившей обучение | F1: ИНН организации проводившей обучение | G1: Результат | H1: Аннулировано | I1: Дата аннулирования | J1: Источник отправки | K1: Записей в реестре | L1: 46а. Общие вопросы охраны труда | M1: 46б. Безопасные методы при вредных и опасных факторах | N1: 46в. Работы на высоте | O1: 46в. Огневые работы | P1: 46в. Работы в ОЗП | Q1: 46в. Подъемные сооружения | R1: 46в. Сосуды под давлением | S1: 46в. Технологическое оборудование | T1: 46в. Электроустановки | U1: 46в. Строительные работы | V1: 46в. Ремонт, монтаж и демонтаж зданий | W1: 46в. Земляные работы | X1: Первая помощь пострадавшим | Y1: Применение СИЗ
A2: работник 216 | B2: Водитель автомобиля (категория Д) | C2: ОБЩЕСТВО С ОГРАНИЧЕННОЙ ОТВЕТСТВЕННОСТЬЮ "АМУР ЗОЛОТО" | D2: 2708001686 | E2: ООО "Амур Золото" | F2: 2708001686 | G2: Успешно | J2: Пользовательский интерфейс | K2: 3 | M2: + | X2: + | Y2: +
A3: работник 464 | B3: Водитель автомобиля (категория D) | C3: ОБЩЕСТВО С ОГРАНИЧЕННОЙ ОТВЕТСТВЕННОСТЬЮ "АМУР ЗОЛОТО" | D3: 2708001686 | E3: ООО "Амур Золото" | F3: 2708001686 | G3: Успешно | J3: Пользовательский интерфейс | K3: 2 | M3: + | Y3: +
A4: работник 406 | B4: Водитель автомобиля (категория С) / Водитель автомобиля кат. С | C4: ОБЩЕСТВО С ОГРАНИЧЕННОЙ ОТВЕТСТВЕННОСТЬЮ "АМУР ЗОЛОТО" | D4: 2708001686 | E4: ООО "Амур Золото" | F4: 2708001686 | G4: Успешно | J4: Пользовательский интерфейс | K4: 5 | M4: + | X4: + | Y4: +
A5: работник 146 | B5: Проходчик (с исполнением обязанностей взрывника) | C5: ОБЩЕСТВО С ОГРАНИЧЕННОЙ ОТВЕТСТВЕННОСТЬЮ "АМУР ЗОЛОТО" | D5: 2708001686 | E5: ООО "Амур Золото" | F5: 2708001686 | G5: Успешно | J5: Пользовательский интерфейс | K5: 5 | M5: + | X5: + | Y5: +
A6: работник 606 | B6: Лаборант химического анализа / Кухонный рабочий | C6: ОБЩЕСТВО С ОГРАНИЧЕННОЙ ОТВЕТСТВЕННОСТЬЮ "АМУР ЗОЛОТО" | D6: 2708001686 | E6: ООО "Амур Золото" | F6: 2708001686 | G6: Успешно | J6: Пользовательский интерфейс | K6: 5 | M6: + | X6: + | Y6: +
A7: работник 32 | B7: Электромонтер по ремонту и обслуживанию электрооборудованию / Электромонтер по ремонту и обслуживанию электрооборудования / Проходчик (с исполнением обязанностей взрывника) / Электромантер | C7: ОБЩЕСТВО С ОГРАНИЧЕННОЙ ОТВЕТСТВЕННОСТЬЮ "АМУР ЗОЛОТО" | D7: 2708001686 | E7: ООО "Амур Золото" | F7: 2708001686 | G7: Успешно | J7: Пользовательский интерфейс | K7: 14 | M7: + | N7: + | O7: + | P7: + | Q7: + | R7: + | S7: + | T7: + | Y7: +
A8: работник 306 | B8: Машинист самоходной буровой установки | C8: ОБЩЕСТВО С ОГРАНИЧЕННОЙ ОТВЕТСТВЕННОСТЬЮ "АМУР ЗОЛОТО" | D8: 2708001686 | E8: ООО "Амур Золото" | F8: 2708001686 | G8: Успешно | J8: Пользовательский интерфейс | K8: 3 | M8: + | X8: + | Y8: +
A9: работник 572 | B9: Электромонтер по ремонту и обслуживанию электрооборудования | C9: ОБЩЕСТВО С ОГРАНИЧЕННОЙ ОТВЕТСТВЕННОСТЬЮ "АМУР ЗОЛОТО" | D9: 2708001686 | E9: ООО "Амур Золото" | F9: 2708001686 | G9: Успешно | K9: 2 | M9: + | Y9: +
A10: работник 126 | B10: Дробильщик / Дробильщики | C10: ОБЩЕСТВО С ОГРАНИЧЕННОЙ ОТВЕТСТВЕННОСТЬЮ "АМУР ЗОЛОТО" | D10: 2708001686 | E10: ООО "Амур Золото" | F10: 2708001686 | G10: Успешно | J10: Пользовательский интерфейс | K10: 6 | M10: + | X10: + | Y10: +
A11: работник 78 | B11: Электрогазосварщик (занятый на резке и ручной сварке) / Электрогазосварщик / Сварщик | C11: ОБЩЕСТВО С ОГРАНИЧЕННОЙ ОТВЕТСТВЕННОСТЬЮ "АМУР ЗОЛОТО" | D11: 2708001686 | E11: ООО "Амур Золото" | F11: 2708001686 | G11: Успешно | J11: Пользовательский интерфейс | K11: 15 | M11: + | N11: + | O11: + | U11: + | V11: + | X11: + | Y11: +
A12: работник 666 | B12: Электрослесарь (слесарь) дежурный и по ремонту оборудования | C12: ОБЩЕСТВО С ОГРАНИЧЕННОЙ ОТВЕТСТВЕННОСТЬЮ "АМУР ЗОЛОТО" | D12: 2708001686 | E12: ООО "Амур Золото" | F12: 2708001686 | G12: Успешно | J12: Пользовательский интерфейс | K12: 5 | M12: + | X12: + | Y12: +
A13: работник 825 | B13: Уборщик производственных и служебных помещений | C13: ОБЩЕСТВО С ОГРАНИЧЕННОЙ ОТВЕТСТВЕННОСТЬЮ "АМУР ЗОЛОТО" | D13: 2708001686 | E13: ООО "Амур Золото" | F13: 2708001686 | G13: Успешно | J13: Пользовательский интерфейс | K13: 2 | M13: + | Y13: +
A14: работник 147 | B14: Крепильщик | C14: ОБЩЕСТВО С ОГРАНИЧЕННОЙ ОТВЕТСТВЕННОСТЬЮ "АМУР ЗОЛОТО" | D14: 2708001686 | E14: ООО "Амур Золото" | F14: 2708001686 | G14: Успешно | J14: Пользовательский интерфейс | K14: 8 | M14: + | X14: + | Y14: +
A15: работник 746 | B15: Начальник по рудному направлению | C15: ОБЩЕСТВО С ОГРАНИЧЕННОЙ ОТВЕТСТВЕННОСТЬЮ "АМУР ЗОЛОТО" | D15: 2708001686 | E15: ООО "Амур Золото" | F15: 2708001686 | G15: Успешно | J15: Пользовательский интерфейс | K15: 3 | L15: + | M15: + | Y15: +
A16: работник 341 | B16: Электрогазосварщик | C16: ОБЩЕСТВО С ОГРАНИЧЕННОЙ ОТВЕТСТВЕННОСТЬЮ "АМУР ЗОЛОТО" | D16: 2708001686 | E16: ООО "Амур Золото" | F16: 2708001686 | G16: Успешно | J16: Пользовательский интерфейс | K16: 3 | M16: + | X16: + | Y16: +
A17: работник 507 | B17: Электрогазосварщик (занятый на резке и ручной сварке) | C17: ОБЩЕСТВО С ОГРАНИЧЕННОЙ ОТВЕТСТВЕННОСТЬЮ "АМУР ЗОЛОТО" | D17: 2708001686 | E17: ООО "Амур Золото" | F17: 2708001686 | G17: Успешно | J17: Пользовательский интерфейс | K17: 12 | M17: + | N17: + | O17: + | P17: + | Q17: + | R17: + | S17: + | X17: + | Y17: +
A18: работник 352 | B18: Подсобный рабочий | C18: ОБЩЕСТВО С ОГРАНИЧЕННОЙ ОТВЕТСТВЕННОСТЬЮ "АМУР ЗОЛОТО" | D18: 2708001686 | E18: ООО "Амур Золото" | F18: 2708001686 | G18: Успешно | J18: Пользовательский интерфейс | K18: 3 | M18: + | X18: + | Y18: +
A19: работник 77 | B19: Плотник | C19: ОБЩЕСТВО С ОГРАНИЧЕННОЙ ОТВЕТСТВЕННОСТЬЮ "АМУР ЗОЛОТО" | D19: 2708001686 | E19: ООО "Амур Золото" | F19: 2708001686 | G19: Успешно | J19: Пользовательский интерфейс | K19: 6 | M19: + | N19: + | U19: + | V19: + | X19: + | Y19: +
A20: работник 747 | B20: Водитель автомобиля (с правом управления КМУ) | C20: ОБЩЕСТВО С ОГРАНИЧЕННОЙ ОТВЕТСТВЕННОСТЬЮ "АМУР ЗОЛОТО" | D20: 2708001686 | E20: ООО "Амур Золото" | F20: 2708001686 | G20: Успешно | J20: Пользовательский интерфейс | K20: 2 | M20: + | Y20: +
A21: работник 48 | B21: Машинист ДВС | C21: ОБЩЕСТВО С ОГРАНИЧЕННОЙ ОТВЕТСТВЕННОСТЬЮ "АМУР ЗОЛОТО" | D21: 2708001686 | E21: ООО "Амур Золото" | F21: 2708001686 | G21: Успешно | J21: Пользовательский интерфейс | K21: 3 | M21: + | X21: + | Y21: +
A22: работник 351 | B22: Стропальщик (с исполнением обязанностей грузчика) / Кладовщик | C22: ОБЩЕСТВО С ОГРАНИЧЕННОЙ ОТВЕТСТВЕННОСТЬЮ "АМУР ЗОЛОТО" | D22: 2708001686 | E22: ООО "Амур Золото" | F22: 2708001686 | G22: Успешно | J22: Пользовательский интерфейс | K22: 5 | M22: + | X22: + | Y22: +
A23: работник 524 | B23: Машинист мельниц / Машинист конвейера | C23: ОБЩЕСТВО С ОГРАНИЧЕННОЙ ОТВЕТСТВЕННОСТЬЮ "АМУР ЗОЛОТО" | D23: 2708001686 | E23: ООО "Амур Золото" | F23: 2708001686 | G23: Успешно | J23: Пользовательский интерфейс | K23: 5 | M23: + | X23: + | Y23: +
A24: работник 409 | B24: Водитель автомобиля (занятый на транспортировании горной массы в технологическом процессе) | C24: ОБЩЕСТВО С ОГРАНИЧЕННОЙ ОТВЕТСТВЕННОСТЬЮ "АМУР ЗОЛОТО" | D24: 2708001686 | E24: ООО "Амур Золото" | F24: 2708001686 | G24: Успешно | J24: Пользовательский интерфейс | K24: 2 | M24: + | Y24: +
A25: работник 76 | B25: Монтажник по монтажу стальных и железобетонных конструкций / Монтажник ж/б и м/к | C25: ОБЩЕСТВО С ОГРАНИЧЕННОЙ ОТВЕТСТВЕННОСТЬЮ "АМУР ЗОЛОТО" | D25: 2708001686 | E25: ООО "Амур Золото" | F25: 2708001686 | G25: Успешно | J25: Пользовательский интерфейс | K25: 10 | M25: + | N25: + | U25: + | V25: + | X25: + | Y25: +
A26: работник 424 | B26: Аппаратчик-гидрометаллург / Фильтровальщик | C26: ОБЩЕСТВО С ОГРАНИЧЕННОЙ ОТВЕТСТВЕННОСТЬЮ "АМУР ЗОЛОТО" | D26: 2708001686 | E26: ООО "Амур Золото" | F26: 2708001686 | G26: Успешно | J26: Пользовательский интерфейс | K26: 8 | M26: + | X26: + | Y26: +
A27: работник 75 | B27: Плотник | C27: ОБЩЕСТВО С ОГРАНИЧЕННОЙ ОТВЕТСТВЕННОСТЬЮ "АМУР ЗОЛОТО" | D27: 2708001686 | E27: ООО "Амур Золото" | F27: 2708001686 | G27: Успешно | J27: Пользовательский интерфейс | K27: 10 | M27: + | N27: + | U27: + | V27: + | X27: + | Y27: +
A28: работник 62 | B28: Машинист ДВС с обязанностями компрессорщик / Машинист двигателей внутреннего сгорания (с исполнением обязанностей машиниста компрессорных установок) | C28: ОБЩЕСТВО С ОГРАНИЧЕННОЙ ОТВЕТСТВЕННОСТЬЮ "АМУР ЗОЛОТО" | D28: 2708001686 | E28: ООО "Амур Золото" | F28: 2708001686 | G28: Успешно | J28: Пользовательский интерфейс | K28: 6 | M28: + | X28: + | Y28: +
A29: работник 104 | B29: Повар | C29: ОБЩЕСТВО С ОГРАНИЧЕННОЙ ОТВЕТСТВЕННОСТЬЮ "АМУР ЗОЛОТО" | D29: 2708001686 | E29: ООО "Амур Золото" | F29: 2708001686 | G29: Успешно | J29: Пользовательский интерфейс | K29: 3 | M29: + | X29: + | Y29: +
A30: работник 305 | B30: Электромонтер по ремонту и обслуживанию электрооборудованию / Электромонтер / Электромонтер по ремонту и обслуживанию электрооборудования | C30: ОБЩЕСТВО С ОГРАНИЧЕННОЙ ОТВЕТСТВЕННОСТЬЮ "АМУР ЗОЛОТО" | D30: 2708001686 | E30: ООО "Амур Золото" | F30: 2708001686 | G30: Успешно | J30: Пользовательский интерфейс | K30: 10 | M30: + | N30: + | O30: + | P30: + | Q30: + | R30: + | S30: + | T30: + | Y30: +
A31: работник 249 | B31: Бункеровщик | C31: ОБЩЕСТВО С ОГРАНИЧЕННОЙ ОТВЕТСТВЕННОСТЬЮ "АМУР ЗОЛОТО" | D31: 2708001686 | E31: ООО "Амур Золото" | F31: 2708001686 | G31: Успешно | J31: Пользовательский интерфейс | K31: 3 | M31: + | X31: + | Y31: +
A32: работник 16 | B32: Машинист буровой установки (НКР) | C32: ОБЩЕСТВО С ОГРАНИЧЕННОЙ ОТВЕТСТВЕННОСТЬЮ "АМУР ЗОЛОТО" | D32: 2708001686 | E32: ООО "Амур Золото" | F32: 2708001686 | G32: Успешно | J32: Пользовательский интерфейс | K32: 3 | M32: + | X32: + | Y32: +
A33: работник 135 | B33: Горнорабочий | C33: ОБЩЕСТВО С ОГРАНИЧЕННОЙ ОТВЕТСТВЕННОСТЬЮ "АМУР ЗОЛОТО" | D33: 2708001686 | E33: ООО "Амур Золото" | F33: 2708001686 | G33: Успешно | J33: Пользовательский интерфейс | K33: 3 | M33: + | X33: + | Y33: +
A34: работник 899 | B34: Водитель автомобиля (занятый на транспортировании горной массы в технологическом процессе) | C34: ОБЩЕСТВО С ОГРАНИЧЕННОЙ ОТВЕТСТВЕННОСТЬЮ "АМУР ЗОЛОТО" | D34: 2708001686 | E34: ООО "Амур Золото" | F34: 2708001686 | G34: Успешно | J34: Пользовательский интерфейс | K34: 3 | M34: + | X34: + | Y34: +
A35: работник 672 | B35: Горнорабочий на маркшейдерских работах | C35: ОБЩЕСТВО С ОГРАНИЧЕННОЙ ОТВЕТСТВЕННОСТЬЮ "АМУР ЗОЛОТО" | D35: 2708001686 | E35: ООО "Амур Золото" | F35: 2708001686 | G35: Успешно | J35: Пользовательский интерфейс | K35: 5 | M35: + | X35: + | Y35: +
A36: работник 5 | B36: Механик по ремонту самоходного транспорта | C36: ООО "Амур золото". Подразделение: горно-обогатительный комплекс "Юбилейный" | D36: 2708001686 | E36: Автономная некоммерческая организация дополнительного профессионального образования и сертификации "Перспектива" | F36: 2722126782 | G36: Успешно | J36: Пользовательский интерфейс | K36: 4 | L36: + | M36: + | X36: + | Y36: +
A37: работник 655 | B37: Слесарь по ремонту автомобилей / Слесарь по ремонту автомобилей и тяжелой техники | C37: ОБЩЕСТВО С ОГРАНИЧЕННОЙ ОТВЕТСТВЕННОСТЬЮ "АМУР ЗОЛОТО" | D37: 2708001686 | E37: ООО "Амур Золото" | F37: 2708001686 | G37: Успешно | J37: Пользовательский интерфейс | K37: 5 | M37: + | X37: + | Y37: +
A38: работник 53 | B38: Машинист ДВС | C38: ОБЩЕСТВО С ОГРАНИЧЕННОЙ ОТВЕТСТВЕННОСТЬЮ "АМУР ЗОЛОТО" | D38: 2708001686 | E38: ООО "Амур Золото" | F38: 2708001686 | G38: Успешно | J38: Пользовательский интерфейс | K38: 3 | M38: + | X38: + | Y38: +
A39: работник 354 | B39: Водитель автомобиля (занятый на транспортировании горной массы в технологическом процессе) | C39: ОБЩЕСТВО С ОГРАНИЧЕННОЙ ОТВЕТСТВЕННОСТЬЮ "АМУР ЗОЛОТО" | D39: 2708001686 | E39: ООО "Амур Золото" | F39: 2708001686 | G39: Успешно | J39: Пользовательский интерфейс | K39: 5 | M39: + | X39: + | Y39: +
A40: работник 200 | B40: Водитель автомобиля для перевозки взрывчатых материалов | C40: ОБЩЕСТВО С ОГРАНИЧЕННОЙ ОТВЕТСТВЕННОСТЬЮ "АМУР ЗОЛОТО" | D40: 2708001686 | E40: ООО "Амур Золото" | F40: 2708001686 | G40: Успешно | J40: Пользовательский интерфейс | K40: 3 | M40: + | X40: + | Y40: +
A41: работник 784 | B41: Водитель автомобиля (занятый на транспортировании горной массы в технологическом процессе) | C41: ОБЩЕСТВО С ОГРАНИЧЕННОЙ ОТВЕТСТВЕННОСТЬЮ "АМУР ЗОЛОТО" | D41: 2708001686 | E41: ООО "Амур Золото" | F41: 2708001686 | G41: Успешно | J41: Пользовательский интерфейс | K41: 3 | M41: + | X41: + | Y41: +
A42: работник 367 | B42: Водитель автомобиля (занятый на транспортировании горной массы в технологическом процессе) | C42: ОБЩЕСТВО С ОГРАНИЧЕННОЙ ОТВЕТСТВЕННОСТЬЮ "АМУР ЗОЛОТО" | D42: 2708001686 | E42: ООО "Амур Золото" | F42: 2708001686 | G42: Успешно | J42: Пользовательский интерфейс | K42: 3 | M42: + | X42: + | Y42: +
A43: работник 816 | B43: Водитель автомобиля (категория D) | C43: ОБЩЕСТВО С ОГРАНИЧЕННОЙ ОТВЕТСТВЕННОСТЬЮ "АМУР ЗОЛОТО" | D43: 2708001686 | E43: ООО "Амур Золото" | F43: 2708001686 | G43: Успешно | J43: Пользовательский интерфейс | K43: 2 | M43: + | Y43: +
A44: работник 356 | B44: Водитель погрузчика | C44: ОБЩЕСТВО С ОГРАНИЧЕННОЙ ОТВЕТСТВЕННОСТЬЮ "АМУР ЗОЛОТО" | D44: 2708001686 | E44: ООО "Амур Золото" | F44: 2708001686 | G44: Успешно | J44: Пользовательский интерфейс | K44: 3 | M44: + | X44: + | Y44: +
A45: работник 773 | B45: Слесарь-ремонтник (по ремонту горно-шахтного оборудования) | C45: ОБЩЕСТВО С ОГРАНИЧЕННОЙ ОТВЕТСТВЕННОСТЬЮ "АМУР ЗОЛОТО" | D45: 2708001686 | E45: ООО "Амур Золото" | F45: 2708001686 | G45: Успешно | J45: Пользовательский интерфейс | K45: 7 | M45: + | O45: + | X45: + | Y45: +
A46: работник 148 | B46: Машинист подземно-доставочной машины / Машинист погрузочно-доставочной машины (занятый на транспортировании горной массы в технологическом процессе) | C46: ОБЩЕСТВО С ОГРАНИЧЕННОЙ ОТВЕТСТВЕННОСТЬЮ "АМУР ЗОЛОТО" | D46: 2708001686 | E46: ООО "Амур Золото" | F46: 2708001686 | G46: Успешно | J46: Пользовательский интерфейс | K46: 5 | M46: + | X46: + | Y46: +
A47: работник 831 | B47: Бункеровщик | C47: ОБЩЕСТВО С ОГРАНИЧЕННОЙ ОТВЕТСТВЕННОСТЬЮ "АМУР ЗОЛОТО" | D47: 2708001686 | E47: ООО "Амур Золото" | F47: 2708001686 | G47: Успешно | J47: Пользовательский интерфейс | K47: 3 | M47: + | X47: + | Y47: +
A48: работник 840 | B48: Машинист погрузочно-доставочной машины (занятый на транспортировании горной массы в технологическом процессе) | C48: ОБЩЕСТВО С ОГРАНИЧЕННОЙ ОТВЕТСТВЕННОСТЬЮ "АМУР ЗОЛОТО" | D48: 2708001686 | E48: ООО "Амур Золото" | F48: 2708001686 | G48: Успешно | J48: Пользовательский интерфейс | K48: 3 | M48: + | X48: + | Y48: +
A49: работник 56 | B49: Машинист насосных установок | C49: ОБЩЕСТВО С ОГРАНИЧЕННОЙ ОТВЕТСТВЕННОСТЬЮ "АМУР ЗОЛОТО" | D49: 2708001686 | E49: ООО "Амур Золото" | F49: 2708001686 | G49: Успешно | J49: Пользовательский интерфейс | K49: 3 | M49: + | X49: + | Y49: +
A50: работник 687 | B50: Заместитель начальника участка | C50: ОБЩЕСТВО С ОГРАНИЧЕННОЙ ОТВЕТСТВЕННОСТЬЮ "АМУР ЗОЛОТО" | D50: 2708001686 | E50: ООО "Амур Золото" | F50: 2708001686 | G50: Успешно | J50: Пользовательский интерфейс | K50: 1 | O50: +
A51: работник 504 | B51: Электрогазосварщик (занятый на резке и ручной сварке) / Электрогазосварщик | C51: ОБЩЕСТВО С ОГРАНИЧЕННОЙ ОТВЕТСТВЕННОСТЬЮ "АМУР ЗОЛОТО" | D51: 2708001686 | E51: ООО "Амур Золото" | F51: 2708001686 | G51: Успешно | J51: Пользовательский интерфейс | K51: 14 | M51: + | N51: + | O51: + | P51: + | Q51: + | R51: + | S51: + | X51: + | Y51: +
A52: работник 79 | B52: Плотник | C52: ОБЩЕСТВО С ОГРАНИЧЕННОЙ ОТВЕТСТВЕННОСТЬЮ "АМУР ЗОЛОТО" | D52: 2708001686 | E52: ООО "Амур Золото" | F52: 2708001686 | G52: Успешно | J52: Пользовательский интерфейс | K52: 6 | M52: + | N52: + | U52: + | V52: + | X52: + | Y52: +
A53: работник 149 | B53: Машинист погрузочно-доставочной машины / Машинист подземно-доставочной машины | C53: ОБЩЕСТВО С ОГРАНИЧЕННОЙ ОТВЕТСТВЕННОСТЬЮ "АМУР ЗОЛОТО" | D53: 2708001686 | E53: ООО "Амур Золото" | F53: 2708001686 | G53: Успешно | J53: Пользовательский интерфейс | K53: 8 | M53: + | X53: + | Y53: +
A54: работник 150 | B54: Помощник машиниста самоходной буровой установки / Помощник машиниста самоходной буровой установки (с исполнением обязанностей пробоотборщика) (Очистное) | C54: ОБЩЕСТВО С ОГРАНИЧЕННОЙ ОТВЕТСТВЕННОСТЬЮ "АМУР ЗОЛОТО" | D54: 2708001686 | E54: ООО "Амур Золото" | F54: 2708001686 | G54: Успешно | J54: Пользовательский интерфейс | K54: 5 | M54: + | X54: + | Y54: +
A55: работник 151 | B55: Машинист погрузочно-доставочной машины (занятый на транспортировании горной массы в технологическом процессе) / Машинист подземно-доставочной машины | C55: ОБЩЕСТВО С ОГРАНИЧЕННОЙ ОТВЕТСТВЕННОСТЬЮ "АМУР ЗОЛОТО" | D55: 2708001686 | E55: ООО "Амур Золото" | F55: 2708001686 | G55: Успешно | J55: Пользовательский интерфейс | K55: 8 | M55: + | X55: + | Y55: +
A56: работник 109 | B56: Повар | C56: ОБЩЕСТВО С ОГРАНИЧЕННОЙ ОТВЕТСТВЕННОСТЬЮ "АМУР ЗОЛОТО" | D56: 2708001686 | E56: ООО "Амур Золото" | F56: 2708001686 | G56: Успешно | J56: Пользовательский интерфейс | K56: 3 | M56: + | X56: + | Y56: +
A57: работник 94 | B57: Горнорабочий на геологических работах / Кухонный рабочий | C57: ОБЩЕСТВО С ОГРАНИЧЕННОЙ ОТВЕТСТВЕННОСТЬЮ "АМУР ЗОЛОТО" | D57: 2708001686 | E57: ООО "Амур Золото" | F57: 2708001686 | G57: Успешно | J57: Пользовательский интерфейс | K57: 8 | M57: + | X57: + | Y57: +
A58: работник 905 | B58: Водитель автомобиля (категория С) | C58: ОБЩЕСТВО С ОГРАНИЧЕННОЙ ОТВЕТСТВЕННОСТЬЮ "АМУР ЗОЛОТО" | D58: 2708001686 | E58: ООО "Амур Золото" | F58: 2708001686 | G58: Успешно | J58: Пользовательский интерфейс | K58: 3 | M58: + | X58: + | Y58: +
A59: работник 779 | B59: Помощник машиниста самоходной буровой установки (с исполнением обязанностей пробоотборщика) | C59: ОБЩЕСТВО С ОГРАНИЧЕННОЙ ОТВЕТСТВЕННОСТЬЮ "АМУР ЗОЛОТО" | D59: 2708001686 | E59: ООО "Амур Золото" | F59: 2708001686 | G59: Успешно | J59: Пользовательский интерфейс | K59: 3 | M59: + | X59: + | Y59: +
A60: работник 627 | B60: Подсобный рабочий | C60: ОБЩЕСТВО С ОГРАНИЧЕННОЙ ОТВЕТСТВЕННОСТЬЮ "АМУР ЗОЛОТО" | D60: 2708001686 | E60: ООО "Амур Золото" | F60: 2708001686 | G60: Успешно | J60: Пользовательский интерфейс | K60: 5 | M60: + | X60: + | Y60: +
A61: работник 471 | B61: Контролер | C61: ОБЩЕСТВО С ОГРАНИЧЕННОЙ ОТВЕТСТВЕННОСТЬЮ "АМУР ЗОЛОТО" | D61: 2708001686 | E61: ООО "Амур Золото" | F61: 2708001686 | G61: Успешно | J61: Пользовательский интерфейс | K61: 2 | M61: + | Y61: +
A62: работник 260 | B62: Водитель автомобиля (занятый на транспортировании горной массы в технологическом процессе) | C62: ОБЩЕСТВО С ОГРАНИЧЕННОЙ ОТВЕТСТВЕННОСТЬЮ "АМУР ЗОЛОТО" | D62: 2708001686 | E62: ООО "Амур Золото" | F62: 2708001686 | G62: Успешно | J62: Пользовательский интерфейс | K62: 6 | M62: + | X62: + | Y62: +
A63: работник 152 | B63: Машинист подземно-доставочной машины / Машинист погрузочно-доставочной машины (занятый на транспортировании горной массы в технологическом процессе) | C63: ОБЩЕСТВО С ОГРАНИЧЕННОЙ ОТВЕТСТВЕННОСТЬЮ "АМУР ЗОЛОТО" | D63: 2708001686 | E63: ООО "Амур Золото" | F63: 2708001686 | G63: Успешно | J63: Пользовательский интерфейс | K63: 5 | M63: + | X63: + | Y63: +
A64: работник 688 | B64: Монтажник по монтажу стальных и железобетонных конструкций | C64: ОБЩЕСТВО С ОГРАНИЧЕННОЙ ОТВЕТСТВЕННОСТЬЮ "АМУР ЗОЛОТО" | D64: 2708001686 | E64: ООО "Амур Золото" | F64: 2708001686 | G64: Успешно | J64: Пользовательский интерфейс | K64: 2 | M64: + | Y64: +
A65: работник 223 | B65: Водитель автомобиля (категория Д) | C65: ОБЩЕСТВО С ОГРАНИЧЕННОЙ ОТВЕТСТВЕННОСТЬЮ "АМУР ЗОЛОТО" | D65: 2708001686 | E65: ООО "Амур Золото" | F65: 2708001686 | G65: Успешно | J65: Пользовательский интерфейс | K65: 3 | M65: + | X65: + | Y65: +
A66: работник 153 | B66: Машинист подземно-доставочной машины | C66: ОБЩЕСТВО С ОГРАНИЧЕННОЙ ОТВЕТСТВЕННОСТЬЮ "АМУР ЗОЛОТО" | D66: 2708001686 | E66: ООО "Амур Золото" | F66: 2708001686 | G66: Успешно | J66: Пользовательский интерфейс | K66: 3 | M66: + | X66: + | Y66: +
A67: работник 307 | B67: Электрослесарь (слесарь) дежурный и по ремонту оборудования подземного горного участка | C67: ОБЩЕСТВО С ОГРАНИЧЕННОЙ ОТВЕТСТВЕННОСТЬЮ "АМУР ЗОЛОТО" | D67: 2708001686 | E67: ООО "Амур Золото" | F67: 2708001686 | G67: Успешно | J67: Пользовательский интерфейс | K67: 3 | M67: + | X67: + | Y67: +
A68: работник 230 | B68: Кладовщик | C68: ОБЩЕСТВО С ОГРАНИЧЕННОЙ ОТВЕТСТВЕННОСТЬЮ "АМУР ЗОЛОТО" | D68: 2708001686 | E68: ООО "Амур Золото" | F68: 2708001686 | G68: Успешно | J68: Пользовательский интерфейс | K68: 3 | M68: + | X68: + | Y68: +
A69: работник 308 | B69: Электрослесарь (слесарь) дежурный и по ремонту оборудования подземного горного участка | C69: ОБЩЕСТВО С ОГРАНИЧЕННОЙ ОТВЕТСТВЕННОСТЬЮ "АМУР ЗОЛОТО" | D69: 2708001686 | E69: ООО "Амур Золото" | F69: 2708001686 | G69: Успешно | J69: Пользовательский интерфейс | K69: 5 | M69: + | X69: + | Y69: +
A70: работник 64 | B70: Электрослесарь (слесарь) | C70: ОБЩЕСТВО С ОГРАНИЧЕННОЙ ОТВЕТСТВЕННОСТЬЮ "АМУР ЗОЛОТО" | D70: 2708001686 | E70: ООО "Амур Золото" | F70: 2708001686 | G70: Успешно | J70: Пользовательский интерфейс | K70: 3 | M70: + | X70: + | Y70: +
A71: работник 47 | B71: Механик холодильных установок | C71: ОБЩЕСТВО С ОГРАНИЧЕННОЙ ОТВЕТСТВЕННОСТЬЮ "АМУР ЗОЛОТО" | D71: 2708001686 | E71: ООО "Амур Золото" | F71: 2708001686 | G71: Успешно | J71: Пользовательский интерфейс | K71: 3 | M71: + | X71: + | Y71: +
A72: работник 479 | B72: Машинист подземных самоходных машин | C72: ОБЩЕСТВО С ОГРАНИЧЕННОЙ ОТВЕТСТВЕННОСТЬЮ "АМУР ЗОЛОТО" | D72: 2708001686 | E72: ООО "Амур Золото" | F72: 2708001686 | G72: Успешно | J72: Пользовательский интерфейс | K72: 4 | M72: + | Y72: +
A73: работник 261 | B73: Машинист бульдозера | C73: ОБЩЕСТВО С ОГРАНИЧЕННОЙ ОТВЕТСТВЕННОСТЬЮ "АМУР ЗОЛОТО" | D73: 2708001686 | E73: ООО "Амур Золото" | F73: 2708001686 | G73: Успешно | J73: Пользовательский интерфейс | K73: 6 | M73: + | X73: + | Y73: +
A74: работник 836 | B74: Растворщик реагентов | C74: ОБЩЕСТВО С ОГРАНИЧЕННОЙ ОТВЕТСТВЕННОСТЬЮ "АМУР ЗОЛОТО" | D74: 2708001686 | E74: ООО "Амур Золото" | F74: 2708001686 | G74: Успешно | J74: Пользовательский интерфейс | K74: 3 | M74: + | X74: + | Y74: +
A75: работник 262 | B75: Электрогазосварщик (занятый на резке и ручной сварке) | C75: ОБЩЕСТВО С ОГРАНИЧЕННОЙ ОТВЕТСТВЕННОСТЬЮ "АМУР ЗОЛОТО" | D75: 2708001686 | E75: ООО "Амур Золото" | F75: 2708001686 | G75: Успешно | J75: Пользовательский интерфейс | K75: 8 | M75: + | N75: + | O75: + | X75: + | Y75: +
A76: работник 55 | B76: Машинист насосных установок | C76: ОБЩЕСТВО С ОГРАНИЧЕННОЙ ОТВЕТСТВЕННОСТЬЮ "АМУР ЗОЛОТО" | D76: 2708001686 | E76: ООО "Амур Золото" | F76: 2708001686 | G76: Успешно | J76: Пользовательский интерфейс | K76: 3 | M76: + | X76: + | Y76: +
A77: работник 263 | B77: Водитель погрузчика | C77: ОБЩЕСТВО С ОГРАНИЧЕННОЙ ОТВЕТСТВЕННОСТЬЮ "АМУР ЗОЛОТО" | D77: 2708001686 | E77: ООО "Амур Золото" | F77: 2708001686 | G77: Успешно | J77: Пользовательский интерфейс | K77: 3 | M77: + | X77: + | Y77: +
A78: работник 15 | B78: Проходчик (с исполнением обязанностей взрывника) | C78: ОБЩЕСТВО С ОГРАНИЧЕННОЙ ОТВЕТСТВЕННОСТЬЮ "АМУР ЗОЛОТО" | D78: 2708001686 | E78: ООО "Амур Золото" | F78: 2708001686 | G78: Успешно | J78: Пользовательский интерфейс | K78: 3 | M78: + | X78: + | Y78: +
A79: работник 841 | B79: Машинист самоходной буровой установки | C79: ОБЩЕСТВО С ОГРАНИЧЕННОЙ ОТВЕТСТВЕННОСТЬЮ "АМУР ЗОЛОТО" | D79: 2708001686 | E79: ООО "Амур Золото" | F79: 2708001686 | G79: Успешно | J79: Пользовательский интерфейс | K79: 3 | M79: + | X79: + | Y79: +
A80: работник 893 | B80: Машинист погрузочно-доставочной машины (занятый на транспортировании горной массы в технологическом процессе) | C80: ОБЩЕСТВО С ОГРАНИЧЕННОЙ ОТВЕТСТВЕННОСТЬЮ "АМУР ЗОЛОТО" | D80: 2708001686 | E80: ООО "Амур Золото" | F80: 2708001686 | G80: Успешно | J80: Пользовательский интерфейс | K80: 3 | M80: + | X80: + | Y80: +
A81: работник 871 | B81: Повар | C81: ОБЩЕСТВО С ОГРАНИЧЕННОЙ ОТВЕТСТВЕННОСТЬЮ "АМУР ЗОЛОТО" | D81: 2708001686 | E81: ООО "Амур Золото" | F81: 2708001686 | G81: Успешно | J81: Пользовательский интерфейс | K81: 3 | M81: + | X81: + | Y81: +
A82: работник 154 | B82: Машинист погрузочно-доставочной машины / Машинист подземно-доставочной машины | C82: ОБЩЕСТВО С ОГРАНИЧЕННОЙ ОТВЕТСТВЕННОСТЬЮ "АМУР ЗОЛОТО" | D82: 2708001686 | E82: ООО "Амур Золото" | F82: 2708001686 | G82: Успешно | J82: Пользовательский интерфейс | K82: 8 | M82: + | X82: + | Y82: +
A83: работник 155 | B83: Машинист самоходной буровой установки / Машинист самоходной буровой установки (Проходка) | C83: ОБЩЕСТВО С ОГРАНИЧЕННОЙ ОТВЕТСТВЕННОСТЬЮ "АМУР ЗОЛОТО" | D83: 2708001686 | E83: ООО "Амур Золото" | F83: 2708001686 | G83: Успешно | J83: Пользовательский интерфейс | K83: 5 | M83: + | X83: + | Y83: +
A84: работник 110 | B84: Весовщик / Пробоотборщик | C84: ОБЩЕСТВО С ОГРАНИЧЕННОЙ ОТВЕТСТВЕННОСТЬЮ "АМУР ЗОЛОТО" | D84: 2708001686 | E84: ООО "Амур Золото" | F84: 2708001686 | G84: Успешно | J84: Пользовательский интерфейс | K84: 5 | M84: + | X84: + | Y84: +
A85: работник 309 | B85: Крепильщик | C85: ОБЩЕСТВО С ОГРАНИЧЕННОЙ ОТВЕТСТВЕННОСТЬЮ "АМУР ЗОЛОТО" | D85: 2708001686 | E85: ООО "Амур Золото" | F85: 2708001686 | G85: Успешно | J85: Пользовательский интерфейс | K85: 3 | M85: + | X85: + | Y85: +
A86: работник 896 | B86: Крепильщик | C86: ОБЩЕСТВО С ОГРАНИЧЕННОЙ ОТВЕТСТВЕННОСТЬЮ "АМУР ЗОЛОТО" | D86: 2708001686 | E86: ООО "Амур Золото" | F86: 2708001686 | G86: Успешно | J86: Пользовательский интерфейс | K86: 3 | M86: + | X86: + | Y86: +
A87: работник 60 | B87: Слесарь-сантехник | C87: ОБЩЕСТВО С ОГРАНИЧЕННОЙ ОТВЕТСТВЕННОСТЬЮ "АМУР ЗОЛОТО" | D87: 2708001686 | E87: ООО "Амур Золото" | F87: 2708001686 | G87: Успешно | J87: Пользовательский интерфейс | K87: 3 | M87: + | X87: + | Y87: +
... A93: работник 301 | B93: Слесарь-ремонтник (по ремонту самоходной техники) | C93: ОБЩЕСТВО С ОГРАНИЧЕННОЙ ОТВЕТСТВЕННОСТЬЮ "АМУР ЗОЛОТО" | D93: 2708001686 | E93: ООО "Амур Золото" | F93: 2708001686 | G93: Успешно | J93: Пользовательский интерфейс | K93: 3 | M93: + | X93: + | Y93: +
A94: работник 631 | B94: Кладовщик | C94: ОБЩЕСТВО С ОГРАНИЧЕННОЙ ОТВЕТСТВЕННОСТЬЮ "АМУР ЗОЛОТО" | D94: 2708001686 | E94: ООО "Амур Золото" | F94: 2708001686 | G94: Успешно | J94: Пользовательский интерфейс | K94: 2 | M94: + | Y94: +
A95: работник 441 | B95: Фильтровальщик | C95: ОБЩЕСТВО С ОГРАНИЧЕННОЙ ОТВЕТСТВЕННОСТЬЮ "АМУР ЗОЛОТО" | D95: 2708001686 | E95: ООО "Амур Золото" | F95: 2708001686 | G95: Успешно | J95: Пользовательский интерфейс | K95: 2 | M95: + | Y95: +
A96: работник 310 | B96: Проходчик (с исполнением обязанностей взрывника) | C96: ОБЩЕСТВО С ОГРАНИЧЕННОЙ ОТВЕТСТВЕННОСТЬЮ "АМУР ЗОЛОТО" | D96: 2708001686 | E96: ООО "Амур Золото" | F96: 2708001686 | G96: Успешно | J96: Пользовательский интерфейс | K96: 3 | M96: + | X96: + | Y96: +
A97: работник 531 | B97: Крепильщик | C97: ОБЩЕСТВО С ОГРАНИЧЕННОЙ ОТВЕТСТВЕННОСТЬЮ "АМУР ЗОЛОТО" | D97: 2708001686 | E97: ООО "Амур Золото" | F97: 2708001686 | G97: Успешно | J97: Пользовательский интерфейс | K97: 2 | M97: + | Y97: +
A98: работник 684 | B98: Машинист ДВС | C98: ОБЩЕСТВО С ОГРАНИЧЕННОЙ ОТВЕТСТВЕННОСТЬЮ "АМУР ЗОЛОТО" | D98: 2708001686 | E98: ООО "Амур Золото" | F98: 2708001686 | G98: Успешно | J98: Пользовательский интерфейс | K98: 2 | M98: + | Y98: +
A99: работник 513 | B99: Оператор дизельных котлов | C99: ОБЩЕСТВО С ОГРАНИЧЕННОЙ ОТВЕТСТВЕННОСТЬЮ "АМУР ЗОЛОТО" | D99: 2708001686 | E99: ООО "Амур Золото" | F99: 2708001686 | G99: Успешно | K99: 3 | M99: + | X99: + | Y99: +
A100: работник 457 | B100: Подсобный рабочий | C100: ОБЩЕСТВО С ОГРАНИЧЕННОЙ ОТВЕТСТВЕННОСТЬЮ "АМУР ЗОЛОТО" | D100: 2708001686 | E100: ООО "Амур Золото" | F100: 2708001686 | G100: Успешно | J100: Пользовательский интерфейс | K100: 2 | M100: + | Y100: +
A101: работник 868 | B101: Кухонный рабочий | C101: ОБЩЕСТВО С ОГРАНИЧЕННОЙ ОТВЕТСТВЕННОСТЬЮ "АМУР ЗОЛОТО" | D101: 2708001686 | E101: ООО "Амур Золото" | F101: 2708001686 | G101: Успешно | J101: Пользовательский интерфейс | K101: 3 | M101: + | X101: + | Y101: +
A102: работник 229 | B102: Кладовщик | C102: ОБЩЕСТВО С ОГРАНИЧЕННОЙ ОТВЕТСТВЕННОСТЬЮ "АМУР ЗОЛОТО" | D102: 2708001686 | E102: ООО "Амур Золото" | F102: 2708001686 | G102: Успешно | J102: Пользовательский интерфейс | K102: 3 | M102: + | X102: + | Y102: +
A103: работник 43 | B103: Стропальщик / Весовщик | C103: ОБЩЕСТВО С ОГРАНИЧЕННОЙ ОТВЕТСТВЕННОСТЬЮ "АМУР ЗОЛОТО" | D103: 2708001686 | E103: ООО "Амур Золото" | F103: 2708001686 | G103: Успешно | J103: Пользовательский интерфейс | K103: 5 | M103: + | X103: + | Y103: +
A104: работник 633 | B104: Помощник машиниста самоходной буровой установки (с исполнением обязанностей пробоотборщика) / Помощник машиниста самоходной буровой установки (с исполнением обязанностей пробоотборщика) (Очистное) | C104: ОБЩЕСТВО С ОГРАНИЧЕННОЙ ОТВЕТСТВЕННОСТЬЮ "АМУР ЗОЛОТО" | D104: 2708001686 | E104: ООО "Амур Золото" | F104: 2708001686 | G104: Успешно | J104: Пользовательский интерфейс | K104: 6 | M104: + | P104: + | X104: + | Y104: +
A105: работник 654 | B105: Механик | C105: ОБЩЕСТВО С ОГРАНИЧЕННОЙ ОТВЕТСТВЕННОСТЬЮ "АМУР ЗОЛОТО" | D105: 2708001686 | E105: ООО "Амур Золото" | F105: 2708001686 | G105: Успешно | J105: Пользовательский интерфейс | K105: 2 | M105: + | Y105: +
...

Sheet Профессии
A1: В ячейке верхней таблицы — число работников, которые прошли программу, без повторных обучений. Синим выделены профессии и программы, где обучение есть не у всех работников. Жёлтым во второй таблице выделен потенциальный недостаток только по программам 46в. По первой помощи и СИЗ во второй таблице стоит разница с числом работников, и только если программа уже кому-то назначена.
A2: Профессия | B2: Исходные формулировки | C2: Работников | D2: Записей | E2: 46а. Общие вопросы охраны труда | F2: 46б. Безопасные методы при вредных и опасных факторах | G2: 46в. Работы на высоте | H2: 46в. Огневые работы | I2: 46в. Работы в ОЗП | J2: 46в. Подъемные сооружения | K2: 46в. Сосуды под давлением | L2: 46в. Технологическое оборудование | M2: 46в. Электроустановки | N2: 46в. Строительные работы | O2: 46в. Ремонт, монтаж и демонтаж зданий | P2: 46в. Земляные работы | Q2: Первая помощь пострадавшим | R2: Применение СИЗ
A3: Аппаратчик воздухоразделения | C3: 1 | D3: 4 | F3: 1 | R3: 1
A4: Аппаратчик сгустителей | B4: Аппаратчик сгустителей | Аппаратчик-сгустителей | C4: 8 | D4: 26 | F4: 5 | G4: 5 | I4: 5 | Q4: 4 | R4: 5
A5: Аппаратчик-гидрометаллург | B5: Аппаратчик-гидрометаллург | Аппаратчик-гидрометалург | аппаратчик-гидрометаллург | C5: 30 | D5: 84 | F5: 30 | Q5: 14 | R5: 30
A6: Бетонщик | C6: 3 | D6: 6 | F6: 3 | R6: 3
A7: Бункеровщик | C7: 17 | D7: 51 | F7: 17 | G7: 1 | I7: 1 | Q7: 10 | R7: 17
A8: Вальщик леса | C8: 2 | D8: 4 | F8: 2 | R8: 2
A9: Ведущий инженер ППР | C9: 1 | D9: 3 | E9: 1 | Q9: 1 | R9: 1
A10: Ведущий инженер-геодезист | C10: 2 | D10: 4 | F10: 2 | R10: 2
A11: Весовщик | C11: 12 | D11: 28 | F11: 12 | Q11: 4 | R11: 12
A12: Водитель автомобиля (занятый на транспортировании горной массы в технологическом процессе) | B12: Водитель автомобиля (занятый на транспортировании горной массы в технологическом процессе) | Водитель автомобиля(занятый на траспортировании горной массы в технологическом процессе) | C12: 50 | D12: 161 | F12: 50 | Q12: 40 | R12: 50
A13: Водитель автомобиля (категория Д) | B13: Водитель автомобиля (категория D) | Водитель автомобиля (категория Д) | C13: 19 | D13: 65 | F13: 19 | Q13: 15 | R13: 19
A14: Водитель автомобиля (категория С) | B14: Водитель автомобиля (категория С) | Водитель автомобиля кат. С | C14: 7 | D14: 20 | F14: 7 | Q14: 4 | R14: 7
A15: Водитель автомобиля (с правом управления КМУ) | C15: 2 | D15: 4 | F15: 2 | R15: 2
A16: Водитель автомобиля (топливозаправщик) | C16: 5 | D16: 15 | F16: 5 | Q16: 5 | R16: 5
A17: Водитель автомобиля для перевозки взрывчатых материалов | C17: 4 | D17: 12 | F17: 4 | Q17: 4 | R17: 4
A18: Водитель погрузчика | C18: 28 | D18: 90 | F18: 28 | Q18: 22 | R18: 28
A19: Геолог | C19: 2 | D19: 4 | Q19: 2 | R19: 2
A20: Геолог по рудоконтролю | C20: 1 | D20: 3 | F20: 1 | Q20: 1 | R20: 1
A21: Главный технолог | C21: 1 | D21: 4 | E21: 1 | F21: 1 | Q21: 1 | R21: 1
A22: Главный энергетик | C22: 1 | D22: 4 | E22: 1 | F22: 1 | Q22: 1 | R22: 1
A23: Горничная | C23: 2 | D23: 4 | F23: 2 | R23: 2
A24: Горнорабочий | C24: 6 | D24: 16 | F24: 6 | Q24: 4 | R24: 6
A25: Горнорабочий на геологических работах | C25: 6 | D25: 17 | F25: 6 | Q25: 3 | R25: 6
A26: Горнорабочий на маркшейдерских работах | B26: Горнорабочий на маркшейдерских работах | Горнорабочиий на маркшейдерских работах | C26: 9 | D26: 26 | F26: 9 | P26: 2 | Q26: 2 | R26: 9
A27: Горный диспетчер | C27: 6 | D27: 27 | E27: 1 | F27: 6 | Q27: 4 | R27: 6
A28: Горный мастер | B28: Мастер горный | Горный мастер | C28: 3 | D28: 7 | F28: 3 | Q28: 1 | R28: 3
A29: Грузчик | C29: 4 | D29: 14 | F29: 4 | Q29: 2 | R29: 4
A30: Делопроизводитель | C30: 1 | D30: 3 | E30: 1 | Q30: 1 | R30: 1
A31: Директор | C31: 1 | D31: 4 | E31: 1 | F31: 1 | Q31: 1 | R31: 1
A32: Дробильщик | B32: Дробильщик | Дробильщики | дробильщик | C32: 34 | D32: 140 | F32: 34 | Q32: 28 | R32: 34
A33: Заведующий складом аварийно химически опасных веществ | C33: 1 | D33: 2 | F33: 1 | R33: 1
A34: Заместитель главного механика | C34: 1 | D34: 2 | F34: 1 | R34: 1
A35: Заместитель директора горно-обогатительного комплекса по производству | C35: 1 | D35: 4 | E35: 1 | F35: 1 | Q35: 1 | R35: 1
A36: Заместитель начальника золотоизвлекательной фабрики | C36: 1 | D36: 4 | E36: 1 | F36: 1 | Q36: 1 | R36: 1
A37: Заместитель начальника пылевентиляционной службы | C37: 1 | D37: 2 | F37: 1 | R37: 1
A38: Заместитель начальника участка | C38: 1 | D38: 1 | H38: 1
A39: Заместитель начальника участка по буровзрывным работам | C39: 1 | D39: 4 | E39: 1 | F39: 1 | Q39: 1 | R39: 1
A40: Инженер по планированию | C40: 1 | D40: 3 | F40: 1 | Q40: 1 | R40: 1
A41: Инженер по промышленной безопасности и охране труда | C41: 2 | D41: 8 | E41: 2 | F41: 2 | Q41: 2 | R41: 2
A42: Инженер пробирного анализа | C42: 1 | D42: 3 | F42: 1 | Q42: 1 | R42: 1
A43: Инженер строительного контроля | C43: 1 | D43: 2 | F43: 1 | R43: 1
A44: Инженер химического анализа | B44: Инженер химического анализа | Инженр хемического анариза | C44: 2 | D44: 6 | F44: 2 | Q44: 2 | R44: 2
A45: Инженер-исследователь | C45: 2 | D45: 4 | F45: 2 | Q45: 1 | R45: 1
A46: Кладовщик | C46: 8 | D46: 28 | F46: 8 | Q46: 6 | R46: 8
A47: Кладовщик (с исполнением обязанностей ламповщика) | C47: 1 | D47: 2 | F47: 1 | R47: 1
A48: Контролер | C48: 6 | D48: 12 | F48: 6 | R48: 6
A49: Контролер (золото-приемной кассы) | C49: 1 | D49: 2 | F49: 1 | R49: 1
A50: Контролер продукции обогащения | B50: Контролер продукции обогащения | Контролёр продукции обогащения | C50: 6 | D50: 19 | F50: 6 | Q50: 5 | R50: 6
A51: Крепильщик | C51: 14 | D51: 47 | F51: 14 | Q51: 11 | R51: 14
A52: Крепильщик (пылевентиляционная служба) | C52: 2 | D52: 5 | F52: 2 | Q52: 1 | R52: 2
A53: Кухонный рабочий | C53: 26 | D53: 71 | F53: 26 | Q53: 19 | R53: 26
A54: Лаборант пробирного анализа | C54: 13 | D54: 56 | F54: 13 | Q54: 11 | R54: 13
A55: Лаборант химического анализа | C55: 7 | D55: 20 | F55: 7 | Q55: 4 | R55: 7
A56: Ламповщик | C56: 6 | D56: 21 | F56: 6 | Q56: 6 | R56: 6
A57: Мастер погрузочно-разгрузочных работ | C57: 1 | D57: 3 | F57: 1 | Q57: 1 | R57: 1
A58: Машинист (кочегар) котельной | B58: Машинист (кочегар) котельной | Машинист кочегар котельной | C58: 3 | D58: 9 | F58: 3 | Q58: 3 | R58: 3
A59: Машинист автогрейдера | B59: Машинист автогрейдера | машинист автогрейдера | C59: 3 | D59: 8 | F59: 3 | Q59: 2 | R59: 3
A60: Машинист бульдозера | C60: 24 | D60: 82 | F60: 24 | Q60: 15 | R60: 24
A61: Машинист буровой установки | C61: 4 | D61: 8 | F61: 4 | R61: 4
A62: Машинист буровой установки (НКР) | C62: 3 | D62: 9 | F62: 3 | Q62: 3 | R62: 3
A63: Машинист двигателей внутреннего сгорания | B63: Машинист двигателей внутреннего сгорания | Машинист ДВС | Машинист двигателей внутрениго сгорания | C63: 18 | D63: 57 | F63: 18 | Q63: 13 | R63: 18
A64: Машинист двигателей внутреннего сгорания (с исполнением обязанностей машиниста компрессорных установок) | B64: Машинист ДВС с обязанностями компрессорщик | Машинист двигателей внутреннего сгорания (с исполнением обязанностей машиниста компрессорных установок) | Машинист двигателей внутреннего сгорания c обязанностями компрессорщика | C64: 6 | D64: 24 | F64: 6 | Q64: 6 | R64: 6
A65: Машинист катка | C65: 1 | D65: 3 | F65: 1 | Q65: 1 | R65: 1
A66: Машинист конвейера | B66: Машинист конвейера | машинист конвейра | Машинист конвейра | C66: 6 | D66: 22 | F66: 6 | Q66: 4 | R66: 6
A67: Машинист крана автомобильного | C67: 8 | D67: 21 | F67: 6 | Q67: 6 | R67: 6
A68: Машинист крана автомобильного (КМУ) | C68: 3 | D68: 7 | F68: 3 | Q68: 1 | R68: 3
A69: Машинист мельниц | B69: Машинист мельниц | Машинист мельницы | C69: 10 | D69: 36 | F69: 10 | G69: 1 | I69: 1 | Q69: 8 | R69: 10
A70: Машинист насосных установок | B70: Машинист насосных установок | Машинист насосной установки | C70: 11 | D70: 35 | F70: 11 | Q70: 7 | R70: 11
A71: Машинист погрузочно-доставочной машины | C71: 22 | D71: 91 | F71: 22 | Q71: 19 | R71: 22
A72: Машинист погрузочно-доставочной машины (занятый на транспортировании горной массы в технологическом процессе) | C72: 29 | D72: 106 | F72: 29 | Q72: 21 | R72: 29
A73: Машинист погрузочно-доставочной машины (ТГМ) | B73: Машинист погрузочно-доставочной машины (ТГМ) | Машинист ТГМ | C73: 3 | D73: 8 | F73: 3 | Q73: 2 | R73: 3
A74: Машинист подземно-доставочной машины | C74: 16 | D74: 48 | F74: 16 | Q74: 16 | R74: 16
A75: Машинист подземных самоходных машин | C75: 7 | D75: 21 | F75: 7 | Q75: 2 | R75: 7
A76: Машинист самоходной буровой установки | B76: Машинист самоходной буровой установки | Машинист самоходный буровой установки | C76: 21 | D76: 62 | F76: 21 | Q76: 15 | R76: 21
A77: Машинист самоходной буровой установки (Очистное) | C77: 4 | D77: 9 | F77: 4 | Q77: 1 | R77: 4
A78: Машинист самоходной буровой установки (Проходка) | C78: 8 | D78: 20 | F78: 8 | Q78: 2 | R78: 8
A79: Машинист экскаватора | C79: 12 | D79: 44 | F79: 12 | Q79: 11 | R79: 12
A80: Механик | C80: 4 | D80: 11 | F80: 4 | H80: 1 | Q80: 2 | R80: 4
A81: Механик по ремонту самоходного транспорта | C81: 1 | D81: 4 | E81: 1 | F81: 1 | Q81: 1 | R81: 1
A82: Механик по ремонту самоходного транспорта (с правом выпуска на линию) | C82: 1 | D82: 2 | F82: 1 | R82: 1
A83: Механик холодильных установок | C83: 3 | D83: 10 | F83: 3 | Q83: 2 | R83: 3
A84: Монтажник по монтажу стальных и железобетонных конструкций | B84: Монтажник по монтажу стальных и железобетонных конструкций | Монтажник ж/б и м/к | C84: 7 | D84: 22 | F84: 7 | G84: 1 | N84: 1 | O84: 1 | Q84: 1 | R84: 7
A85: Начальник автотранспортного цеха | C85: 1 | D85: 4 | E85: 1 | F85: 1 | Q85: 1 | R85: 1
A86: Начальник золотоизвлекательной фабрики | C86: 1 | D86: 4 | E86: 1 | F86: 1 | Q86: 1 | R86: 1
A87: Начальник по рудному направлению | C87: 1 | D87: 3 | E87: 1 | F87: 1 | R87: 1
A88: Начальник смены | C88: 1 | D88: 2 | F88: 1 | R88: 1
A89: Начальник участка | C89: 1 | D89: 1 | H89: 1
A90: Оператор дизельных котлов | B90: Оператор дизельных котлов | оператор дизельных котлов | C90: 14 | D90: 44 | F90: 14 | Q90: 10 | R90: 14
A91: Оператор стиральных машин (с исполнением обязанностей рабочего по ремонту спецодежды) | C91: 1 | D91: 3 | F91: 1 | Q91: 1 | R91: 1
A92: Плавильщик | C92: 3 | D92: 11 | F92: 3 | Q92: 2 | R92: 3
A93: Плотник | C93: 14 | D93: 66 | F93: 14 | G93: 7 | N93: 7 | O93: 7 | Q93: 7 | R93: 14
A94: Повар | B94: Повар | повар | C94: 31 | D94: 82 | F94: 31 | Q94: 16 | R94: 31
A95: Повар (кондитер) | C95: 2 | D95: 5 | F95: 2 | Q95: 1 | R95: 2
A96: Подсобный рабочий | B96: Подсобный рабочий | подсобный рабочий | C96: 28 | D96: 78 | F96: 28 | Q96: 20 | R96: 28
A97: Помощник машиниста буровой установки | C97: 4 | D97: 8 | F97: 4 | R97: 4
A98: Помощник машиниста самоходной буровой установки | B98: Помощник машиниста самоходной буровой установки | Помошник машиниста самоходной буровой установки | C98: 3 | D98: 9 | F98: 3 | Q98: 3 | R98: 3
A99: Помощник машиниста самоходной буровой установки (с исполнением обязанностей пробоотборщика) | B99: Помощник машиниста самоходной буровой установки (с исполнением обязанностей пробоотборщика) | Помощник машиниста СБУ (с исполнением обязанностей пробоотборщика) | C99: 15 | D99: 45 | F99: 15 | Q99: 15 | R99: 15
A100: Помощник машиниста самоходной буровой установки (с исполнением обязанностей пробоотборщика) (Очистное) | C100: 15 | D100: 36 | F100: 15 | I100: 2 | Q100: 2 | R100: 15
...

Sheet Недостаток и избыток обучения
A1: Недостаток обучения
A2: Пересечение профессий и программ. Число — сколько работников профессии не прошли программу. Если этот же недостаток уже был и на вкладке «Сводная», и на вкладке «Профессии», он учтён один раз. 46а и 46б: программа уже назначена части работников профессии. Жёлтые числа по 46в — потенциальный недостаток: разница с максимумом строки только у программ, где обучение уже было. Первая помощь собрана из обеих вкладок: и те, кому она нужна по пункту 33 постановления 2464, но записи нет, и те профессии, где её прошла только часть работников. СИЗ собран так же: и высота или замкнутое пространство без СИЗ, и профессии, где СИЗ прошла только часть работников. Строка «Итого» — сумма по профессиям, столбец «Итого» — сумма по программам.
A3: Профессия | B3: Работников | C3: 46а | D3: 46б | E3: Высота | F3: Огневые | G3: ОЗП | H3: Подъемные сооружения | I3: Сосуды | J3: Оборудование | K3: Электроустановки | L3: Стройка | M3: Здания | N3: Земля | O3: Первая помощь | P3: СИЗ | Q3: Итого
A4: Электрогазосварщик | B4: 35 | D4: 4 | E4: 11 | G4: 13 | H4: 14 | I4: 14 | J4: 15 | L4: 21 | M4: 22 | O4: 13 | P4: 4 | Q4: 131
A5: Слесарь-ремонтник | B5: 12 | D5: 9 | O5: 11 | P5: 9 | Q5: 29
A6: Электромонтер по ремонту и обслуживанию электрооборудования | B6: 17 | F6: 3 | G6: 3 | H6: 3 | I6: 3 | J6: 3 | O6: 11 | Q6: 26
A7: Аппаратчик-гидрометаллург | B7: 30 | O7: 16 | Q7: 16
A8: Фильтровальщик | B8: 41 | O8: 16 | Q8: 16
A9: Повар | B9: 31 | O9: 15 | Q9: 15
A10: Помощник машиниста самоходной буровой установки (с исполнением обязанностей пробоотборщика) (Очистное) | B10: 15 | O10: 13 | Q10: 13
A11: Электромонтер | B11: 6 | D11: 4 | O11: 5 | P11: 4 | Q11: 13
A12: Проходчик (с исполнением обязанностей взрывника) | B12: 30 | D12: 3 | O12: 6 | P12: 3 | Q12: 12
A13: Аппаратчик сгустителей | B13: 8 | D13: 3 | O13: 4 | P13: 3 | Q13: 10
A14: Водитель автомобиля (занятый на транспортировании горной массы в технологическом процессе) | B14: 50 | O14: 10 | Q14: 10
A15: Машинист бульдозера | B15: 24 | O15: 9 | Q15: 9
A16: Весовщик | B16: 12 | O16: 8 | Q16: 8
A17: Машинист погрузочно-доставочной машины (занятый на транспортировании горной массы в технологическом процессе) | B17: 29 | O17: 8 | Q17: 8
A18: Подсобный рабочий | B18: 28 | O18: 8 | Q18: 8
A19: Растворщик реагентов | B19: 15 | O19: 8 | Q19: 8
A20: Бункеровщик | B20: 17 | O20: 7 | Q20: 7
A21: Горнорабочий на маркшейдерских работах | B21: 9 | O21: 7 | Q21: 7
A22: Горный диспетчер | B22: 6 | C22: 5 | O22: 2 | Q22: 7
A23: Кухонный рабочий | B23: 26 | O23: 7 | Q23: 7
A24: Плотник | B24: 14 | O24: 7 | Q24: 7
A25: Слесарь-ремонтник (по ремонту обогатительного оборудования) | B25: 17 | O25: 7 | Q25: 7
A26: Водитель погрузчика | B26: 28 | O26: 6 | Q26: 6
A27: Дробильщик | B27: 34 | O27: 6 | Q27: 6
A28: Контролер | B28: 6 | O28: 6 | Q28: 6
A29: Машинист крана автомобильного | B29: 8 | D29: 2 | O29: 2 | P29: 2 | Q29: 6
A30: Машинист самоходной буровой установки | B30: 21 | O30: 6 | Q30: 6
A31: Машинист самоходной буровой установки (Проходка) | B31: 8 | O31: 6 | Q31: 6
A32: Монтажник по монтажу стальных и железобетонных конструкций | B32: 7 | O32: 6 | Q32: 6
A33: Пробоотборщик | B33: 18 | O33: 6 | Q33: 6
A34: Машинист двигателей внутреннего сгорания | B34: 18 | O34: 5 | Q34: 5
A35: Машинист подземных самоходных машин | B35: 7 | O35: 5 | Q35: 5
A36: Водитель автомобиля (категория Д) | B36: 19 | O36: 4 | Q36: 4
A37: Машинист буровой установки | B37: 4 | O37: 4 | Q37: 4
A38: Машинист насосных установок | B38: 11 | O38: 4 | Q38: 4
A39: Оператор дизельных котлов | B39: 14 | O39: 4 | Q39: 4
A40: Помощник машиниста буровой установки | B40: 4 | O40: 4 | Q40: 4
A41: Стропальщик (с исполнением обязанностей грузчика) | B41: 10 | O41: 4 | Q41: 4
... A60: Грузчик | B60: 4 | O60: 2 | Q60: 2
A61: Инженер-исследователь | B61: 2 | O61: 1 | P61: 1 | Q61: 2
A62: Кладовщик | B62: 8 | O62: 2 | Q62: 2
A63: Лаборант пробирного анализа | B63: 13 | O63: 2 | Q63: 2
A64: Машинист конвейера | B64: 6 | O64: 2 | Q64: 2
A65: Машинист крана автомобильного (КМУ) | B65: 3 | O65: 2 | Q65: 2
A66: Машинист мельниц | B66: 10 | O66: 2 | Q66: 2
A67: Механик | B67: 4 | O67: 2 | Q67: 2
A68: Раздатчик взрывчатых материалов | B68: 3 | O68: 2 | Q68: 2
A69: Слесарь по контрольно-измерительным приборам и автоматике | B69: 3 | O69: 2 | Q69: 2
A70: Слесарь по ремонту автомобилей и тяжелой техники | B70: 7 | O70: 2 | Q70: 2
A71: Аппаратчик воздухоразделения | B71: 1 | O71: 1 | Q71: 1
A72: Заведующий складом аварийно химически опасных веществ | B72: 1 | O72: 1 | Q72: 1
A73: Заместитель главного механика | B73: 1 | O73: 1 | Q73: 1
... A91: Слесарь-сантехник | B91: 5 | O91: 1 | Q91: 1
A92: Теплотехник | B92: 2 | C92: 1 | Q92: 1
A93: Токарь (с исполнением обязанностей фрезеровщика) | B93: 1 | O93: 1 | Q93: 1
A94: Токарь( с исполнением обязаности фрейзеровщика) | B94: 1 | O94: 1 | Q94: 1
A95: Электрослесарь (слесарь) дежурный и по ремонту оборудования | B95: 5 | O95: 1 | Q95: 1
A96: Итого | C96: =SUM(C4:C95) | D96: =SUM(D4:D95) | E96: =SUM(E4:E95) | F96: =SUM(F4:F95) | G96: =SUM(G4:G95) | H96: =SUM(H4:H95) | I96: =SUM(I4:I95) | J96: =SUM(J4:J95) | ... Q96: =SUM(Q4:Q95)
A98: Избыток обучения
A99: Пересечение профессий и программ. В таблице только избыток со вкладки «Сводная». 46а: программа назначена специалисту, которому по пункту 53 подпункта «в» постановления 2464 она не требуется. Первая помощь: программу прошёл специалист, которому пункт 33 её не устанавливает. Главный технолог и главный энергетик не включены: первая помощь им нужна. СИЗ: обучение есть у работника, который в шахту не спускается и у которого нет работ на высоте и в замкнутом пространстве. Это кухня, водитель категории Д, горничная, продавец, делопроизводитель и оператор стиральных машин. Строка «Итого» — сумма по профессиям, столбец «Итого» — сумма по программам.
A100: Профессия | B100: Работников | C100: 46а | D100: 46б | E100: Первая помощь | F100: СИЗ | G100: Итого
A101: Повар | B101: 31 | F101: 31 | G101: 31
A102: Кухонный рабочий | B102: 26 | F102: 23 | G102: 23
A103: Водитель автомобиля (категория Д) | B103: 19 | F103: 19 | G103: 19
A104: Горный диспетчер | B104: 6 | C104: 1 | E104: 4 | G104: 5
A105: Делопроизводитель | B105: 1 | C105: 1 | E105: 1 | F105: 1 | G105: 3
A106: Теплотехник | B106: 2 | C106: 1 | E106: 2 | G106: 3
A107: Ведущий инженер ППР | B107: 1 | C107: 1 | E107: 1 | G107: 2
A108: Геолог | B108: 2 | E108: 2 | G108: 2
A109: Горничная | B109: 2 | F109: 2 | G109: 2
A110: Инженер химического анализа | B110: 2 | E110: 2 | G110: 2
A111: Механик | B111: 4 | E111: 2 | G111: 2
A112: Механик по ремонту самоходного транспорта | B112: 1 | C112: 1 | E112: 1 | G112: 2
A113: Повар (кондитер) | B113: 2 | F113: 2 | G113: 2
A114: Старший геолог | B114: 1 | C114: 1 | E114: 1 | G114: 2
A115: Электромеханик подземного горного участка | B115: 1 | C115: 1 | E115: 1 | G115: 2
A116: Геолог по рудоконтролю | B116: 1 | E116: 1 | G116: 1
A117: Инженер по планированию | B117: 1 | E117: 1 | G117: 1
A118: Инженер пробирного анализа | B118: 1 | E118: 1 | G118: 1
A119: Инженер-исследователь | B119: 2 | E119: 1 | G119: 1
A120: Механик холодильных установок | B120: 3 | E120: 1 | G120: 1
A121: Оператор стиральных машин (с исполнением обязанностей рабочего по ремонту спецодежды) | B121: 1 | F121: 1 | G121: 1
A122: Продавец | B122: 1 | F122: 1 | G122: 1
A123: Электромеханик | B123: 1 | E123: 1 | G123: 1
A124: Итого | C124: =SUM(C101:C123) | D124: =SUM(D101:D123) | E124: =SUM(E101:E123) | F124: =SUM(F101:F123) | G124: =SUM(G101:G123)

Sheet Повторное обучение и просрочка
A1: Работники, которые хотя бы одну программу проходили больше одного раза. В ячейке программы — сколько раз она пройдена. Жёлтым отмечен повтор.
A2: FIO | B2: Профессия | C2: Должность в реестре | D2: Наименование работодателя | E2: ИНН работодателя | F2: Наименование организации проводившей обучение | G2: ИНН организации проводившей обучение | H2: Номера в реестре | I2: Id пакета | J2: Номера протоколов | K2: Даты проверки знаний | L2: Результат | M2: Источник отправки | N2: Всего записей | O2: Программ с повтором | P2: 46а. Общие вопросы охраны труда | Q2: 46б. Безопасные методы при вредных и опасных факторах | R2: 46в. Работы на высоте | S2: 46в. Огневые работы | T2: 46в. Работы в ОЗП | U2: 46в. Подъемные сооружения | V2: 46в. Сосуды под давлением | W2: 46в. Технологическое оборудование | X2: 46в. Электроустановки | Y2: 46в. Строительные работы | Z2: 46в. Ремонт, монтаж и демонтаж зданий | AA2: 46в. Земляные работы | AB2: Первая помощь пострадавшим | AC2: Применение СИЗ
A3: работник 406 | B3: Водитель автомобиля (категория С) | C3: Водитель автомобиля кат. С | Водитель автомобиля (категория С) | D3: ОБЩЕСТВО С ОГРАНИЧЕННОЙ ОТВЕТСТВЕННОСТЬЮ "АМУР ЗОЛОТО" | E3: 2708001686 | F3: ООО "Амур Золото" | G3: 2708001686 | H3: 82311967; 82311968; 222717230; 222717231; 222717232 | I3: 6330469; 15953442 | J3: ОТ №ЮГОК АТЦ 24-07; ЮГОК АТЦ 26-25 | K3: 08.09.2024; 19.08.2026 | L3: Успешно | M3: Пользовательский интерфейс | N3: 5 | O3: 2 | Q3: 2 | AB3: 1 | AC3: 2
A4: работник 146 | B4: Проходчик (с исполнением обязанностей взрывника) | C4: Проходчик (с исполнением обязанностей взрывника) | D4: ОБЩЕСТВО С ОГРАНИЧЕННОЙ ОТВЕТСТВЕННОСТЬЮ "АМУР ЗОЛОТО" | E4: 2708001686 | F4: ООО "Амур Золото" | G4: 2708001686 | H4: 37117737; 37117738; 37117739; 87544924; 87544925 | I4: 2978778; 6719954 | J4: ОТ № ЮГОК ПГУ 24-01; ОТ № ЮГОК ПГУ 24-23 | K4: 19.01.2024; 12.11.2024 | L4: Успешно | M4: Пользовательский интерфейс | N4: 5 | O4: 2 | Q4: 2 | AB4: 1 | AC4: 2
A5: работник 606 | B5: Кухонный рабочий | Лаборант химического анализа | C5: Кухонный рабочий | Лаборант химического анализа | D5: ОБЩЕСТВО С ОГРАНИЧЕННОЙ ОТВЕТСТВЕННОСТЬЮ "АМУР ЗОЛОТО" | E5: 2708001686 | F5: ООО "Амур Золото" | G5: 2708001686 | H5: 148627023; 148627024; 223283056; 223283057; 223283058 | I5: 11125717; 15995643 | J5: ОТ № ЮГОК УОП 25-10; ЮГОК ПАЛ 26-12 | K5: 25.09.2025; 09.09.2026 | L5: Успешно | M5: Пользовательский интерфейс | N5: 5 | O5: 2 | Q5: 2 | AB5: 1 | AC5: 2
A6: работник 32 | B6: Электромонтер | Электромонтер по ремонту и обслуживанию электрооборудования | Проходчик (с исполнением обязанностей взрывника) | C6: Электромантер | Электромонтер по ремонту и обслуживанию электрооборудования | Электромонтер по ремонту и обслуживанию электрооборудованию | Проходчик (с исполнением обязанностей взрывника) | D6: ОБЩЕСТВО С ОГРАНИЧЕННОЙ ОТВЕТСТВЕННОСТЬЮ "АМУР ЗОЛОТО" | E6: 2708001686 | F6: ООО "Амур Золото" | G6: 2708001686 | H6: 37117323; 37117324; 85344268; 85344269; 90580099; 96539148; 96539149; 96539150; 96539151; 96539152; 96539153; 148627008; 148627009; 200897027 | I6: 2978778; 6554154; 6934388; 7135797; 11125717; 14513218 | J6: ОТ № ЮГОК ЗИОФ 23-03; ОТ № ЮГОК ЗИОФ 24-33; ОТ № ЮГОК ЗИОФ 24-38; ОТ № ЮГОК ЗИОФ 24-42; ОТ № ЮГОК ПГУ 34-25; ЮГОК ЗИОФ 26-01 | K6: 24.11.2023; 25.10.2024; 25.11.2024; 10.12.2024; 21.09.2025; 05.06.2026 | L6: Успешно | M6: Пользовательский интерфейс | N6: 14 | O6: 4 | Q6: 3 | R6: 2 | S6: 1 | T6: 1 | U6: 1 | V6: 1 | W6: 1 | X6: 2 | AC6: 2
A7: работник 126 | B7: Дробильщик | C7: Дробильщик | Дробильщики | D7: ОБЩЕСТВО С ОГРАНИЧЕННОЙ ОТВЕТСТВЕННОСТЬЮ "АМУР ЗОЛОТО" | E7: 2708001686 | F7: ООО "Амур Золото" | G7: 2708001686 | H7: 37117643; 37117644; 37117645; 223283012; 223283013; 223283014 | I7: 2978778; 15995643 | J7: ОТ ЮГОК ЗИОФ 23-04; ЮГОК ЗИОФ 26-51 | K7: 11.12.2023; 26.08.2026 | L7: Успешно | M7: Пользовательский интерфейс | N7: 6 | O7: 3 | Q7: 2 | AB7: 2 | AC7: 2
A8: работник 78 | B8: Электрогазосварщик | Сварщик | C8: Электрогазосварщик (занятый на резке и ручной сварке) | Сварщик | Электрогазосварщик | D8: ОБЩЕСТВО С ОГРАНИЧЕННОЙ ОТВЕТСТВЕННОСТЬЮ "АМУР ЗОЛОТО" | E8: 2708001686 | F8: ООО "Амур Золото" | G8: 2708001686 | H8: 37117465; 37117466; 37117467; 37117495; 37117496; 37117497; 110446307; 110446308; 144713861; 144713862; 148626998; 148627022; 197822300; 197822301; 197822302 | I8: 2978778; 8371772; 10845617; 11125717; 14313480 | J8: ОТ № ЮГОК РСУ 23-01; ОТ № ЮГОК РСУ 23-02; ОТ № ЮГОК РСУ 25-01; ОТ № ЮГОК РСУ 25-04; ЮГОК ОКС (РСУ) 26-01 | K8: 23.11.2023; 24.11.2023; 29.01.2025; 23.08.2025; 23.05.2026 | L8: Успешно | M8: Пользовательский интерфейс | N8: 15 | O8: 2 | Q8: 5 | R8: 1 | S8: 1 | Y8: 1 | Z8: 1 | AB8: 1 | AC8: 5
A9: работник 666 | B9: Электрослесарь (слесарь) дежурный и по ремонту оборудования | C9: Электрослесарь (слесарь) дежурный и по ремонту оборудования | D9: ОБЩЕСТВО С ОГРАНИЧЕННОЙ ОТВЕТСТВЕННОСТЬЮ "АМУР ЗОЛОТО" | E9: 2708001686 | F9: ООО "Амур Золото" | G9: 2708001686 | H9: 180849754; 180849755; 214421465; 214421466; 214421467 | I9: 13246997; 15411209 | J9: ОТ № ЮГОК ПГУ 26-22; ЮГОК ПГУ 26-32 | K9: 09.03.2026; 28.07.2026 | L9: Успешно | M9: Пользовательский интерфейс | N9: 5 | O9: 2 | Q9: 2 | AB9: 1 | AC9: 2
A10: работник 147 | B10: Крепильщик | C10: Крепильщик | D10: ОБЩЕСТВО С ОГРАНИЧЕННОЙ ОТВЕТСТВЕННОСТЬЮ "АМУР ЗОЛОТО" | E10: 2708001686 | F10: ООО "Амур Золото" | G10: 2708001686 | H10: 37117740; 37117741; 37117742; 87544926; 87544927; 214421468; 214421469; 214421470 | I10: 2978778; 6719954; 15411209 | J10: ОТ № ЮГОК ПГУ 24-01; ОТ № ЮГОК ПГУ 24-23; ЮГОК ПГУ 26-33 | K10: 19.01.2024; 12.11.2024; 24.07.2026 | L10: Успешно | M10: Пользовательский интерфейс | N10: 8 | O10: 3 | Q10: 3 | AB10: 2 | AC10: 3
A11: работник 507 | B11: Электрогазосварщик | C11: Электрогазосварщик (занятый на резке и ручной сварке) | D11: ОБЩЕСТВО С ОГРАНИЧЕННОЙ ОТВЕТСТВЕННОСТЬЮ "АМУР ЗОЛОТО" | E11: 2708001686 | F11: ООО "Амур Золото" | G11: 2708001686 | H11: 96539106; 96539107; 96539108; 96539109; 96539110; 96539111; 148627004; 148627005; 214421480; 214421481; 214421482; 214421483 | I11: 7135797; 11125717; 15411209 | J11: ОТ № ЮГОК ЗИОФ 24-41; ОТ № ЮГОК ПГУ 32-25; ЮГОК ПГУ 26-34 | K11: 10.12.2024; 17.09.2025; 23.07.2026 | L11: Успешно | M11: Пользовательский интерфейс | N11: 12 | O11: 3 | Q11: 2 | R11: 1 | S11: 2 | T11: 1 | U11: 1 | V11: 1 | W11: 1 | AB11: 1 | AC11: 2
A12: работник 351 | B12: Стропальщик (с исполнением обязанностей грузчика) | Кладовщик | C12: Стропальщик (с исполнением обязанностей грузчика) | Кладовщик | D12: ОБЩЕСТВО С ОГРАНИЧЕННОЙ ОТВЕТСТВЕННОСТЬЮ "АМУР ЗОЛОТО" | E12: 2708001686 | F12: ООО "Амур Золото" | G12: 2708001686 | H12: 58069261; 58069262; 58069263; 82312010; 82312011 | I12: 4506532; 6330469 | J12: ОТ № ЮГОК СК 24-03; ОТ №ЮГОК СК 24-09 | K12: 15.04.2024; 16.09.2024 | L12: Успешно | M12: Пользовательский интерфейс | N12: 5 | O12: 2 | Q12: 2 | AB12: 1 | AC12: 2
A13: работник 524 | B13: Машинист конвейера | Машинист мельниц | C13: Машинист конвейера | Машинист мельниц | D13: ОБЩЕСТВО С ОГРАНИЧЕННОЙ ОТВЕТСТВЕННОСТЬЮ "АМУР ЗОЛОТО" | E13: 2708001686 | F13: ООО "Амур Золото" | G13: 2708001686 | H13: 110446277; 110446278; 214421229; 214421230; 214421231 | I13: 8371772; 15411209 | J13: ОТ № ЮГОК ЗИОФ 25-03; ЮГОК ЗИОФ 26-29 | K13: 01.02.2025; 29.07.2026 | L13: Успешно | M13: Пользовательский интерфейс | N13: 5 | O13: 2 | Q13: 2 | AB13: 1 | AC13: 2
A14: работник 76 | B14: Монтажник по монтажу стальных и железобетонных конструкций | C14: Монтажник по монтажу стальных и железобетонных конструкций | Монтажник ж/б и м/к | D14: ОБЩЕСТВО С ОГРАНИЧЕННОЙ ОТВЕТСТВЕННОСТЬЮ "АМУР ЗОЛОТО" | E14: 2708001686 | F14: ООО "Амур Золото" | G14: 2708001686 | H14: 37117459; 37117460; 37117461; 37117489; 37117490; 37117491; 82312006; 82312007; 197822303; 197822304 | I14: 2978778; 6330469; 14313480 | J14: ОТ № ЮГОК РСУ 23-01; ОТ № ЮГОК РСУ 23-02; ОТ №ЮГОК РСУ 24-03; ЮГОК ОКС (РСУ) 26-01 | K14: 23.11.2023; 24.11.2023; 05.10.2024; 23.05.2026 | L14: Успешно | M14: Пользовательский интерфейс | N14: 10 | O14: 2 | Q14: 3 | R14: 1 | Y14: 1 | Z14: 1 | AB14: 1 | AC14: 3
A15: работник 424 | B15: Аппаратчик-гидрометаллург | Фильтровальщик | C15: Аппаратчик-гидрометаллург | Фильтровальщик | D15: ОБЩЕСТВО С ОГРАНИЧЕННОЙ ОТВЕТСТВЕННОСТЬЮ "АМУР ЗОЛОТО" | E15: 2708001686 | F15: ООО "Амур Золото" | G15: 2708001686 | H15: 85344264; 85344265; 223282981; 223282982; 223282983; 223283023; 223283024; 223283025 | I15: 6554154; 15995643 | J15: ОТ № ЮГОК ЗИОФ 24-31; ЮГОК ЗИОФ 26-48; ЮГОК ЗИОФ 26-55 | K15: 20.10.2024; 26.08.2026; 07.09.2026 | L15: Успешно | M15: Пользовательский интерфейс | N15: 8 | O15: 3 | Q15: 3 | AB15: 2 | AC15: 3
A16: работник 75 | B16: Плотник | C16: Плотник | D16: ОБЩЕСТВО С ОГРАНИЧЕННОЙ ОТВЕТСТВЕННОСТЬЮ "АМУР ЗОЛОТО" | E16: 2708001686 | F16: ООО "Амур Золото" | G16: 2708001686 | H16: 37117456; 37117457; 37117458; 37117473; 37117487; 37117488; 131313254; 131313255; 197822305; 197822306 | I16: 2978778; 9873379; 14313480 | J16: ОТ № ЮГОК РСУ 23-01; ОТ № ЮГОК РСУ 23-02; ОТ № ЮГОК РСУ 25-03; ЮГОК ОКС (РСУ) 26-01 | K16: 23.11.2023; 24.11.2023; 27.06.2025; 23.05.2026 | L16: Успешно | M16: Пользовательский интерфейс | N16: 10 | O16: 2 | Q16: 3 | R16: 1 | Y16: 1 | Z16: 1 | AB16: 1 | AC16: 3
A17: работник 62 | B17: Машинист двигателей внутреннего сгорания (с исполнением обязанностей машиниста компрессорных установок) | C17: Машинист ДВС с обязанностями компрессорщик | Машинист двигателей внутреннего сгорания (с исполнением обязанностей машиниста компрессорных установок) | D17: ОБЩЕСТВО С ОГРАНИЧЕННОЙ ОТВЕТСТВЕННОСТЬЮ "АМУР ЗОЛОТО" | E17: 2708001686 | F17: ООО "Амур Золото" | G17: 2708001686 | H17: 37117416; 37117417; 37117419; 222717346; 222717347; 222717348 | I17: 2978778; 15953442 | J17: ОТ № ЮГОК ЭУ 23-01; ЮГОК ЭУ 26-23 | K17: 23.11.2023; 24.08.2026 | L17: Успешно | M17: Пользовательский интерфейс | N17: 6 | O17: 3 | Q17: 2 | AB17: 2 | AC17: 2
A18: работник 305 | B18: Электромонтер | Электромонтер по ремонту и обслуживанию электрооборудования | C18: Электромонтер | Электромонтер по ремонту и обслуживанию электрооборудования | Электромонтер по ремонту и обслуживанию электрооборудованию | D18: ОБЩЕСТВО С ОГРАНИЧЕННОЙ ОТВЕТСТВЕННОСТЬЮ "АМУР ЗОЛОТО" | E18: 2708001686 | F18: ООО "Амур Золото" | G18: 2708001686 | H18: 43299692; 43299693; 85344280; 85344281; 96539160; 96539161; 96539162; 96539163; 96539164; 96539165 | I18: 3474285; 6554154; 7135797 | J18: ОТ ЮГОК ЗИОФ 24-18; ОТ № ЮГОК ЗИОФ 24-33; ОТ № ЮГОК ЗИОФ 24-42 | K18: 06.03.2024; 25.10.2024; 10.12.2024 | L18: Успешно | M18: Пользовательский интерфейс | N18: 10 | O18: 1 | Q18: 1 | R18: 2 | S18: 1 | T18: 1 | U18: 1 | V18: 1 | W18: 1 | X18: 1 | AC18: 1
A19: работник 672 | B19: Горнорабочий на маркшейдерских работах | C19: Горнорабочий на маркшейдерских работах | D19: ОБЩЕСТВО С ОГРАНИЧЕННОЙ ОТВЕТСТВЕННОСТЬЮ "АМУР ЗОЛОТО" | E19: 2708001686 | F19: ООО "Амур Золото" | G19: 2708001686 | H19: 189084979; 189084980; 222717308; 222717309; 222717310 | I19: 13661981; 15953442 | J19: ОТ № ЮГОК ГМО 26-05; ЮГОК ОГМ 26-05 | K19: 06.04.2026; 25.08.2026 | L19: Успешно | M19: Пользовательский интерфейс | N19: 5 | O19: 2 | Q19: 2 | AB19: 1 | AC19: 2
A20: работник 655 | B20: Слесарь по ремонту автомобилей и тяжелой техники | Слесарь по ремонту автомобилей | C20: Слесарь по ремонту автомобилей и тяжелой техники | Слесарь по ремонту автомобилей | D20: ОБЩЕСТВО С ОГРАНИЧЕННОЙ ОТВЕТСТВЕННОСТЬЮ "АМУР ЗОЛОТО" | E20: 2708001686 | F20: ООО "Амур Золото" | G20: 2708001686 | H20: 180849729; 180849730; 222717218; 222717219; 222717220 | I20: 13246997; 15953442 | J20: ОТ № ЮГОК АТЦ 26-02; ЮГОК АТЦ 26-21 | K20: 07.03.2026; 18.08.2026 | L20: Успешно | M20: Пользовательский интерфейс | N20: 5 | O20: 2 | Q20: 2 | AB20: 1 | AC20: 2
A21: работник 354 | B21: Водитель автомобиля (занятый на транспортировании горной массы в технологическом процессе) | C21: Водитель автомобиля (занятый на транспортировании горной массы в технологическом процессе) | D21: ОБЩЕСТВО С ОГРАНИЧЕННОЙ ОТВЕТСТВЕННОСТЬЮ "АМУР ЗОЛОТО" | E21: 2708001686 | F21: ООО "Амур Золото" | G21: 2708001686 | H21: 66544953; 66544954; 66544955; 82311979; 82311980 | I21: 5129076; 6330469 | J21: ОТ № ЮГОК АТЦ 24-05; ОТ №ЮГОК АТЦ 24-13 | K21: 30.06.2024; 05.10.2024 | L21: Успешно | M21: Пользовательский интерфейс | N21: 5 | O21: 2 | Q21: 2 | AB21: 1 | AC21: 2
A22: работник 773 | B22: Слесарь-ремонтник (по ремонту горно-шахтного оборудования) | C22: Слесарь-ремонтник (по ремонту горно-шахтного оборудования) | D22: ОБЩЕСТВО С ОГРАНИЧЕННОЙ ОТВЕТСТВЕННОСТЬЮ "АМУР ЗОЛОТО" | E22: 2708001686 | F22: ООО "Амур Золото" | G22: 2708001686 | H22: 200897092; 200897093; 200897094; 200897095; 216771198; 216771199; 216771200 | I22: 14513218; 15571832 | J22: ЮГОК ПГУ 26-01; ЮГОК ПГУ 26-51 | K22: 04.06.2026; 17.08.2026 | L22: Успешно | M22: Пользовательский интерфейс | N22: 7 | O22: 3 | Q22: 2 | S22: 1 | AB22: 2 | AC22: 2
A23: работник 148 | B23: Машинист подземно-доставочной машины | Машинист погрузочно-доставочной машины (занятый на транспортировании горной массы в технологическом процессе) | C23: Машинист подземно-доставочной машины | Машинист погрузочно-доставочной машины (занятый на транспортировании горной массы в технологическом процессе) | D23: ОБЩЕСТВО С ОГРАНИЧЕННОЙ ОТВЕТСТВЕННОСТЬЮ "АМУР ЗОЛОТО" | E23: 2708001686 | F23: ООО "Амур Золото" | G23: 2708001686 | H23: 37117743; 37117744; 37117745; 87544928; 87544930 | I23: 2978778; 6719954 | J23: ОТ № ЮГОК ПГУ 24-01; ОТ № ЮГОК ПГУ 24-23 | K23: 19.01.2024; 12.11.2024 | L23: Успешно | M23: Пользовательский интерфейс | N23: 5 | O23: 2 | Q23: 2 | AB23: 1 | AC23: 2
A24: работник 504 | B24: Электрогазосварщик | C24: Электрогазосварщик | Электрогазосварщик (занятый на резке и ручной сварке) | D24: ОБЩЕСТВО С ОГРАНИЧЕННОЙ ОТВЕТСТВЕННОСТЬЮ "АМУР ЗОЛОТО" | E24: 2708001686 | F24: ООО "Амур Золото" | G24: 2708001686 | H24: 90580085; 90580086; 96539112; 96539113; 96539114; 96539115; 96539116; 96539117; 200897021; 200897022; 200897023; 214421304; 214421305; 214421306 | I24: 6934388; 7135797; 14513218; 15411209 | J24: ОТ № ЮГОК ЗИОФ 24-36; ОТ № ЮГОК ЗИОФ 24-41; ЮГОК ЗИОФ 26-01; ЮГОК ЗИОФ 26-37 | K24: 25.11.2024; 10.12.2024; 05.06.2026; 29.07.2026 | L24: Успешно | M24: Пользовательский интерфейс | N24: 14 | O24: 5 | Q24: 2 | R24: 2 | S24: 2 | T24: 2 | U24: 1 | V24: 1 | W24: 1 | AB24: 1 | AC24: 2
A25: работник 149 | B25: Машинист подземно-доставочной машины | Машинист погрузочно-доставочной машины | C25: Машинист подземно-доставочной машины | Машинист погрузочно-доставочной машины | D25: ОБЩЕСТВО С ОГРАНИЧЕННОЙ ОТВЕТСТВЕННОСТЬЮ "АМУР ЗОЛОТО" | E25: 2708001686 | F25: ООО "Амур Золото" | G25: 2708001686 | H25: 37117746; 37117747; 37117748; 87544931; 87544932; 216771143; 216771144; 216771145 | I25: 2978778; 6719954; 15571832 | J25: ОТ № ЮГОК ПГУ 24-01; ОТ № ЮГОК ПГУ 24-23; ЮГОК ПГУ 26-47 | K25: 19.01.2024; 12.11.2024; 15.08.2026 | L25: Успешно | M25: Пользовательский интерфейс | N25: 8 | O25: 3 | Q25: 3 | AB25: 2 | AC25: 3
A26: работник 150 | B26: Помощник машиниста самоходной буровой установки | Помощник машиниста самоходной буровой установки (с исполнением обязанностей пробоотборщика) (Очистное) | C26: Помощник машиниста самоходной буровой установки | Помощник машиниста самоходной буровой установки (с исполнением обязанностей пробоотборщика) (Очистное) | D26: ОБЩЕСТВО С ОГРАНИЧЕННОЙ ОТВЕТСТВЕННОСТЬЮ "АМУР ЗОЛОТО" | E26: 2708001686 | F26: ООО "Амур Золото" | G26: 2708001686 | H26: 37117749; 37117750; 37117751; 87544933; 87544934 | I26: 2978778; 6719954 | J26: ОТ № ЮГОК ПГУ 24-01; ОТ № ЮГОК ПГУ 24-23 | K26: 19.01.2024; 12.11.2024 | L26: Успешно | M26: Пользовательский интерфейс | N26: 5 | O26: 2 | Q26: 2 | AB26: 1 | AC26: 2
A27: работник 151 | B27: Машинист подземно-доставочной машины | Машинист погрузочно-доставочной машины (занятый на транспортировании горной массы в технологическом процессе) | C27: Машинист подземно-доставочной машины | Машинист погрузочно-доставочной машины (занятый на транспортировании горной массы в технологическом процессе) | D27: ОБЩЕСТВО С ОГРАНИЧЕННОЙ ОТВЕТСТВЕННОСТЬЮ "АМУР ЗОЛОТО" | E27: 2708001686 | F27: ООО "Амур Золото" | G27: 2708001686 | H27: 37117752; 37117753; 37117754; 87544935; 87544936; 216771189; 216771190; 216771191 | I27: 2978778; 6719954; 15571832 | J27: ОТ № ЮГОК ПГУ 24-01; ОТ № ЮГОК ПГУ 24-23; ЮГОК ПГУ 26-50 | K27: 19.01.2024; 12.11.2024; 16.08.2026 | L27: Успешно | M27: Пользовательский интерфейс | N27: 8 | O27: 3 | Q27: 3 | AB27: 2 | AC27: 3
A28: работник 94 | B28: Кухонный рабочий | Горнорабочий на геологических работах | C28: Кухонный рабочий | Горнорабочий на геологических работах | D28: ОБЩЕСТВО С ОГРАНИЧЕННОЙ ОТВЕТСТВЕННОСТЬЮ "АМУР ЗОЛОТО" | E28: 2708001686 | F28: ООО "Амур Золото" | G28: 2708001686 | H28: 37117547; 37117548; 37117549; 96539060; 96539061; 222717302; 222717303; 222717304 | I28: 2978778; 7135797; 15953442 | J28: ОТ № ЮГОК Столовая 23-01; ОТ № ЮГОК ГМО 24-05; ЮГОК ОГГ 26-08 | K28: 09.12.2023; 10.12.2024; 25.08.2026 | L28: Успешно | M28: Пользовательский интерфейс | N28: 8 | O28: 3 | Q28: 3 | AB28: 2 | AC28: 3
A29: работник 627 | B29: Подсобный рабочий | C29: Подсобный рабочий | D29: ОБЩЕСТВО С ОГРАНИЧЕННОЙ ОТВЕТСТВЕННОСТЬЮ "АМУР ЗОЛОТО" | E29: 2708001686 | F29: ООО "Амур Золото" | G29: 2708001686 | H29: 173160784; 173160785; 216771052; 216771053; 216771054 | I29: 12768377; 15571832 | J29: ОТ № ЮГОК АХЧ 25-04; ЮГОК АХЧ 26-47 | K29: 01.02.2026; 16.08.2026 | L29: Успешно | M29: Пользовательский интерфейс | N29: 5 | O29: 2 | Q29: 2 | AB29: 1 | AC29: 2
A30: работник 260 | B30: Водитель автомобиля (занятый на транспортировании горной массы в технологическом процессе) | C30: Водитель автомобиля (занятый на транспортировании горной массы в технологическом процессе) | D30: ОБЩЕСТВО С ОГРАНИЧЕННОЙ ОТВЕТСТВЕННОСТЬЮ "АМУР ЗОЛОТО" | E30: 2708001686 | F30: ООО "Амур Золото" | G30: 2708001686 | H30: 42252320; 42252321; 42252322; 222717131; 222717132; 222717133 | I30: 3404353; 15953442 | J30: ОТ № ЮГОК АТЦ 24-04; ЮГОК АТЦ 26-15 | K30: 23.02.2024; 17.08.2026 | L30: Успешно | M30: Пользовательский интерфейс | N30: 6 | O30: 3 | Q30: 2 | AB30: 2 | AC30: 2
A31: работник 152 | B31: Машинист подземно-доставочной машины | Машинист погрузочно-доставочной машины (занятый на транспортировании горной массы в технологическом процессе) | C31: Машинист подземно-доставочной машины | Машинист погрузочно-доставочной машины (занятый на транспортировании горной массы в технологическом процессе) | D31: ОБЩЕСТВО С ОГРАНИЧЕННОЙ ОТВЕТСТВЕННОСТЬЮ "АМУР ЗОЛОТО" | E31: 2708001686 | F31: ООО "Амур Золото" | G31: 2708001686 | H31: 37117755; 37117756; 37117757; 87544937; 87544938 | I31: 2978778; 6719954 | J31: ОТ № ЮГОК ПГУ 24-01; ОТ № ЮГОК ПГУ 24-23 | K31: 19.01.2024; 12.11.2024 | L31: Успешно | M31: Пользовательский интерфейс | N31: 5 | O31: 2 | Q31: 2 | AB31: 1 | AC31: 2
A32: работник 308 | B32: Электрослесарь (слесарь) дежурный и по ремонту оборудования подземного горного участка | C32: Электрослесарь (слесарь) дежурный и по ремонту оборудования подземного горного участка | D32: ОБЩЕСТВО С ОГРАНИЧЕННОЙ ОТВЕТСТВЕННОСТЬЮ "АМУР ЗОЛОТО" | E32: 2708001686 | F32: ООО "Амур Золото" | G32: 2708001686 | H32: 43299700; 43299701; 43299702; 87544939; 87544940 | I32: 3474285; 6719954 | J32: ОТ № ЮГОК ПГУ 24-05; ОТ № ЮГОК ПГУ 24-23 | K32: 05.03.2024; 12.11.2024 | L32: Успешно | M32: Пользовательский интерфейс | N32: 5 | O32: 2 | Q32: 2 | AB32: 1 | AC32: 2
A33: работник 479 | B33: Машинист подземных самоходных машин | C33: Машинист подземных самоходных машин | D33: ОБЩЕСТВО С ОГРАНИЧЕННОЙ ОТВЕТСТВЕННОСТЬЮ "АМУР ЗОЛОТО" | E33: 2708001686 | F33: ООО "Амур Золото" | G33: 2708001686 | H33: 87544941; 87544942; 173160800; 173160801 | I33: 6719954; 12768377 | J33: ОТ № ЮГОК ПГУ 24-23; ОТ № ЮГОК ПГУ 25-28 | K33: 12.11.2024; 05.02.2026 | L33: Успешно | M33: Пользовательский интерфейс | N33: 4 | O33: 2 | Q33: 2 | AC33: 2
A34: работник 261 | B34: Машинист бульдозера | C34: Машинист бульдозера | D34: ОБЩЕСТВО С ОГРАНИЧЕННОЙ ОТВЕТСТВЕННОСТЬЮ "АМУР ЗОЛОТО" | E34: 2708001686 | F34: ООО "Амур Золото" | G34: 2708001686 | H34: 42252323; 42252324; 42252325; 222717189; 222717190; 222717191 | I34: 3404353; 15953442 | J34: ОТ № ЮГОК АТЦ 24-04; ЮГОК АТЦ 26-19 | K34: 23.02.2024; 18.08.2026 | L34: Успешно | M34: Пользовательский интерфейс | N34: 6 | O34: 3 | Q34: 2 | AB34: 2 | AC34: 2
A35: работник 262 | B35: Электрогазосварщик | C35: Электрогазосварщик (занятый на резке и ручной сварке) | D35: ОБЩЕСТВО С ОГРАНИЧЕННОЙ ОТВЕТСТВЕННОСТЬЮ "АМУР ЗОЛОТО" | E35: 2708001686 | F35: ООО "Амур Золото" | G35: 2708001686 | H35: 42252326; 42252327; 42252328; 200982859; 200982860; 200982861; 200982862; 200982863 | I35: 3404353; 14518357 | J35: ОТ № ЮГОК АТЦ 24-04; ЮГОК АТЦ 26-01 | K35: 23.02.2024; 06.06.2026 | L35: Успешно | M35: Пользовательский интерфейс | N35: 8 | O35: 3 | Q35: 2 | R35: 1 | S35: 1 | AB35: 2 | AC35: 2
A36: работник 154 | B36: Машинист подземно-доставочной машины | Машинист погрузочно-доставочной машины | C36: Машинист подземно-доставочной машины | Машинист погрузочно-доставочной машины | D36: ОБЩЕСТВО С ОГРАНИЧЕННОЙ ОТВЕТСТВЕННОСТЬЮ "АМУР ЗОЛОТО" | E36: 2708001686 | F36: ООО "Амур Золото" | G36: 2708001686 | H36: 37117761; 37117762; 37117763; 87544943; 87544944; 214421386; 214421387; 214421388 | I36: 2978778; 6719954; 15411209 | J36: ОТ № ЮГОК ПГУ 24-01; ОТ № ЮГОК ПГУ 24-23; ЮГОК ПГУ 26-28 | K36: 19.01.2024; 12.11.2024; 23.07.2026 | L36: Успешно | M36: Пользовательский интерфейс | N36: 8 | O36: 3 | Q36: 3 | AB36: 2 | AC36: 3
A37: работник 155 | B37: Машинист самоходной буровой установки | Машинист самоходной буровой установки (Проходка) | C37: Машинист самоходной буровой установки | Машинист самоходной буровой установки (Проходка) | D37: ОБЩЕСТВО С ОГРАНИЧЕННОЙ ОТВЕТСТВЕННОСТЬЮ "АМУР ЗОЛОТО" | E37: 2708001686 | F37: ООО "Амур Золото" | G37: 2708001686 | H37: 37117764; 37117765; 37117766; 87544945; 87544946 | I37: 2978778; 6719954 | J37: ОТ № ЮГОК ПГУ 24-01; ОТ № ЮГОК ПГУ 24-23 | K37: 19.01.2024; 12.11.2024 | L37: Успешно | M37: Пользовательский интерфейс | N37: 5 | O37: 2 | Q37: 2 | AB37: 1 | AC37: 2
A38: работник 110 | B38: Весовщик | Пробоотборщик | C38: Весовщик | Пробоотборщик | D38: ОБЩЕСТВО С ОГРАНИЧЕННОЙ ОТВЕТСТВЕННОСТЬЮ "АМУР ЗОЛОТО" | E38: 2708001686 | F38: ООО "Амур Золото" | G38: 2708001686 | H38: 37117595; 37117596; 37117597; 96539172; 96539173 | I38: 2978778; 7135797 | J38: ОТ № ЮГОК ОТК 23-01; ОТ № ЮГОК ОТК 24-05 | K38: 11.12.2023; 10.12.2024 | L38: Успешно | M38: Пользовательский интерфейс | N38: 5 | O38: 2 | Q38: 2 | AB38: 1 | AC38: 2
A39: работник 761 | B39: Машинист погрузочно-доставочной машины (занятый на транспортировании горной массы в технологическом процессе) | C39: Машинист погрузочно-доставочной машины (занятый на транспортировании горной массы в технологическом процессе) | D39: ОБЩЕСТВО С ОГРАНИЧЕННОЙ ОТВЕТСТВЕННОСТЬЮ "АМУР ЗОЛОТО" | E39: 2708001686 | F39: ООО "Амур Золото" | G39: 2708001686 | H39: 200897059; 200897060; 200897061; 214421364; 214421375; 214421376 | I39: 14513218; 15411209 | J39: ЮГОК ПГУ 26-01; ЮГОК ПГУ 26-27 | K39: 04.06.2026; 23.07.2026 | L39: Успешно | M39: Пользовательский интерфейс | N39: 6 | O39: 3 | Q39: 2 | AB39: 2 | AC39: 2
A40: работник 144 | B40: Бункеровщик | Машинист мельниц | C40: Бункеровщик | Машинист мельниц | D40: ОБЩЕСТВО С ОГРАНИЧЕННОЙ ОТВЕТСТВЕННОСТЬЮ "АМУР ЗОЛОТО" | E40: 2708001686 | F40: ООО "Амур Золото" | G40: 2708001686 | H40: 37117731; 37117732; 37117733; 41372212; 41372213; 41372214; 214421226; 214421227; 214421228 | I40: 2978778; 3335316; 15411209 | J40: ОТ № ЮГОК ЗИОФ 23-07; ОТ ЮГОК ЗИОФ 24-15; ОТ ЮГОК ЗИОФ 24-16; ЮГОК ЗИОФ 26-29 | K40: 25.12.2023; 23.02.2024; 29.07.2026 | L40: Успешно | M40: Пользовательский интерфейс | N40: 9 | O40: 3 | Q40: 3 | AB40: 3 | AC40: 3
A41: работник 43 | B41: Стропальщик | Весовщик | C41: Стропальщик | Весовщик | D41: ОБЩЕСТВО С ОГРАНИЧЕННОЙ ОТВЕТСТВЕННОСТЬЮ "АМУР ЗОЛОТО" | E41: 2708001686 | F41: ООО "Амур Золото" | G41: 2708001686 | H41: 37117355; 37117356; 37117357; 157028428; 157028429 | I41: 2978778; 11703555 | J41: ОТ № ЮГОК СК 23-01; ОТ № ЮГОК ОТК 25-02 | K41: 24.11.2023; 22.10.2025 | L41: Успешно | M41: Пользовательский интерфейс | N41: 5 | O41: 2 | Q41: 2 | AB41: 1 | AC41: 2
A42: работник 633 | B42: Помощник машиниста самоходной буровой установки (с исполнением обязанностей пробоотборщика) (Очистное) | Помощник машиниста самоходной буровой установки (с исполнением обязанностей пробоотборщика) | C42: Помощник машиниста самоходной буровой установки (с исполнением обязанностей пробоотборщика) (Очистное) | Помощник машиниста самоходной буровой установки (с исполнением обязанностей пробоотборщика) | D42: ОБЩЕСТВО С ОГРАНИЧЕННОЙ ОТВЕТСТВЕННОСТЬЮ "АМУР ЗОЛОТО" | E42: 2708001686 | F42: ООО "Амур Золото" | G42: 2708001686 | H42: 173160804; 173160805; 173160806; 214421420; 214421421; 214421422 | I42: 12768377; 15411209 | J42: ОТ № ЮГОК ПГУ 25-28; ЮГОК ПГУ 26-30 | K42: 05.02.2026; 26.07.2026 | L42: Успешно | M42: Пользовательский интерфейс | N42: 6 | O42: 2 | Q42: 2 | T42: 1 | AB42: 1 | AC42: 2
A43: работник 44 | B43: Электромонтер по ремонту и обслуживанию электрооборудования | C43: Электромонтер по ремонту и обслуживанию электрооборудования | D43: ОБЩЕСТВО С ОГРАНИЧЕННОЙ ОТВЕТСТВЕННОСТЬЮ "АМУР ЗОЛОТО" | E43: 2708001686 | F43: ООО "Амур Золото" | G43: 2708001686 | H43: 37117358; 37117359; 37117360; 37117361; 37117362; 40476938; 40476939 | I43: 2978778; 3264049 | J43: ОТ № ЮГОК ЭУ 23-01; ОТ № ЮГОК ЭУ 23-04; ОТ № ЮГОК ЭУ 23-02 | K43: 23.11.2023; 30.11.2023; 29.11.2023 | L43: Успешно | M43: Пользовательский интерфейс | N43: 7 | O43: 2 | Q43: 1 | R43: 2 | X43: 2 | AB43: 1 | AC43: 1
A44: работник 331 | B44: Флотатор | Пробоотборщик | C44: Флотатор | Пробоотборщик | D44: ОБЩЕСТВО С ОГРАНИЧЕННОЙ ОТВЕТСТВЕННОСТЬЮ "АМУР ЗОЛОТО" | E44: 2708001686 | F44: ООО "Амур Золото" | G44: 2708001686 | H44: 47664826; 47664827; 47664828; 71599968; 71599969; 71599970 | I44: 3785399; 5518427 | J44: ОТ ЮГОК ЗИОФ 24-21; ОТ №ЮГОК ОТК 24-03 | K44: 18.03.2024; 12.08.2024 | L44: Успешно | M44: Пользовательский интерфейс | N44: 6 | O44: 3 | Q44: 2 | AB44: 2 | AC44: 2
A45: работник 202 | B45: Водитель автомобиля (занятый на транспортировании горной массы в технологическом процессе) | C45: Водитель автомобиля(занятый на траспортировании горной массы в технологическом процессе) | Водитель автомобиля (занятый на транспортировании горной массы в технологическом процессе) | D45: ОБЩЕСТВО С ОГРАНИЧЕННОЙ ОТВЕТСТВЕННОСТЬЮ "АМУР ЗОЛОТО" | E45: 2708001686 | F45: ООО "Амур Золото" | G45: 2708001686 | H45: 41372044; 41372045; 41372046; 200982814; 200982815; 200982816 | I45: 3335316; 14518357 | J45: ОТ № ЮГОК АТЦ 23-03; ЮГОК АТЦ 26-01 | K45: 03.12.2023; 06.06.2026 | L45: Успешно | M45: Пользовательский интерфейс | N45: 6 | O45: 3 | Q45: 2 | AB45: 2 | AC45: 2
A46: работник 368 | B46: Машинист бульдозера | C46: Машинист бульдозера | D46: ОБЩЕСТВО С ОГРАНИЧЕННОЙ ОТВЕТСТВЕННОСТЬЮ "АМУР ЗОЛОТО" | E46: 2708001686 | F46: ООО "Амур Золото" | G46: 2708001686 | H46: 68090111; 68090112; 68090113; 82311983; 82311984 | I46: 5245589; 6330469 | J46: ОТ № ЮГОК АТЦ 24-06; ОТ №ЮГОК АТЦ 24-15 | K46: 18.07.2024; 08.10.2024 | L46: Успешно | M46: Пользовательский интерфейс | N46: 5 | O46: 2 | Q46: 2 | AB46: 1 | AC46: 2
A47: работник 671 | B47: Лаборант химического анализа | Лаборант пробирного анализа | C47: Лаборант химического анализа | Лаборант пробирного анализа | D47: ОБЩЕСТВО С ОГРАНИЧЕННОЙ ОТВЕТСТВЕННОСТЬЮ "АМУР ЗОЛОТО" | E47: 2708001686 | F47: ООО "Амур Золото" | G47: 2708001686 | H47: 186715552; 186715553; 214421751; 214421765; 214421766 | I47: 13603635; 15411233 | J47: ОТ № ЮГОК ПАЛ 26-04; ЮГОК ПАЛ 26-08 | K47: 02.03.2026; 02.08.2026 | L47: Успешно | M47: Пользовательский интерфейс | N47: 5 | O47: 2 | Q47: 2 | AB47: 1 | AC47: 2
A48: работник 404 | B48: Машинист подземных самоходных машин | C48: Машинист подземных самоходных машин | D48: ОБЩЕСТВО С ОГРАНИЧЕННОЙ ОТВЕТСТВЕННОСТЬЮ "АМУР ЗОЛОТО" | E48: 2708001686 | F48: ООО "Амур Золото" | G48: 2708001686 | H48: 76186441; 76186442; 200897070; 214421501; 214421502; 214421503 | I48: 5868791; 14513218; 15411209 | J48: ОТ №ЮГОК ПГУ 24-12; ЮГОК ПГУ 26-01; ЮГОК ПГУ 26-36 | K48: 18.08.2024; 04.06.2026; 24.07.2026 | L48: Успешно | M48: Пользовательский интерфейс | N48: 6 | O48: 3 | Q48: 2 | AB48: 2 | AC48: 2
A49: работник 433 | B49: Плавильщик | C49: Плавильщик | D49: ОБЩЕСТВО С ОГРАНИЧЕННОЙ ОТВЕТСТВЕННОСТЬЮ "АМУР ЗОЛОТО" | E49: 2708001686 | F49: ООО "Амур Золото" | G49: 2708001686 | H49: 85344288; 85344289; 90580094; 214421292; 214421293; 214421294 | I49: 6554154; 6934388; 15411209 | J49: ОТ № ЮГОК ЗИОФ 24-33; ОТ № ЮГОК ЗИОФ 24-38; ЮГОК ЗИОФ 26-35 | K49: 25.10.2024; 25.11.2024; 29.07.2026 | L49: Успешно | M49: Пользовательский интерфейс | N49: 6 | O49: 2 | Q49: 3 | AB49: 1 | AC49: 2
A50: работник 156 | B50: Проходчик (с исполнением обязанностей взрывника) | Электрогазосварщик | C50: Проходчик (с исполнением обязанностей взрывника) | Электрогазосварщик (занятый на резке и ручной сварке) | D50: ОБЩЕСТВО С ОГРАНИЧЕННОЙ ОТВЕТСТВЕННОСТЬЮ "АМУР ЗОЛОТО" | E50: 2708001686 | F50: ООО "Амур Золото" | G50: 2708001686 | H50: 37117767; 37117768; 37117769; 82312000; 82312001 | I50: 2978778; 6330469 | J50: ОТ № ЮГОК ПГУ 24-01; ОТ №ЮГОК ПГУ 24-20 | K50: 19.01.2024; 22.09.2024 | L50: Успешно | M50: Пользовательский интерфейс | N50: 5 | O50: 2 | Q50: 2 | AB50: 1 | AC50: 2
A51: работник 220 | B51: Водитель автомобиля (занятый на транспортировании горной массы в технологическом процессе) | C51: Водитель автомобиля(занятый на траспортировании горной массы в технологическом процессе) | Водитель автомобиля (занятый на транспортировании горной массы в технологическом процессе) | D51: ОБЩЕСТВО С ОГРАНИЧЕННОЙ ОТВЕТСТВЕННОСТЬЮ "АМУР ЗОЛОТО" | E51: 2708001686 | F51: ООО "Амур Золото" | G51: 2708001686 | H51: 41372101; 41372102; 41372103; 126971087; 126971088; 126971089; 222717137; 222717138; 222717139 | I51: 3335316; 9556872; 15953442 | J51: ОТ № ЮГОК АТЦ 23-03; ОТ № ЮГОК АТЦ 24-16; ЮГОК АТЦ 26-15 | K51: 03.12.2023; 25.11.2024; 17.08.2026 | L51: Успешно | M51: Пользовательский интерфейс | N51: 9 | O51: 3 | Q51: 3 | AB51: 3 | AC51: 3
A52: работник 401 | B52: Весовщик | Контролер продукции обогащения | C52: Весовщик | Контролер продукции обогащения | D52: ОБЩЕСТВО С ОГРАНИЧЕННОЙ ОТВЕТСТВЕННОСТЬЮ "АМУР ЗОЛОТО" | E52: 2708001686 | F52: ООО "Амур Золото" | G52: 2708001686 | H52: 76186435; 76186436; 223283050; 223283051; 223283052 | I52: 5868791; 15995643 | J52: ОТ №ЮГОК ОТК 24-04; ЮГОК ОТК 26-09 | K52: 23.08.2024; 27.08.2026 | L52: Успешно | M52: Пользовательский интерфейс | N52: 5 | O52: 2 | Q52: 2 | AB52: 1 | AC52: 2
A53: работник 634 | B53: Помощник машиниста самоходной буровой установки (с исполнением обязанностей пробоотборщика) (Очистное) | Помощник машиниста самоходной буровой установки (с исполнением обязанностей пробоотборщика) | C53: Помощник машиниста самоходной буровой установки (с исполнением обязанностей пробоотборщика) (Очистное) | Помощник машиниста самоходной буровой установки (с исполнением обязанностей пробоотборщика) | D53: ОБЩЕСТВО С ОГРАНИЧЕННОЙ ОТВЕТСТВЕННОСТЬЮ "АМУР ЗОЛОТО" | E53: 2708001686 | F53: ООО "Амур Золото" | G53: 2708001686 | H53: 173160807; 173160808; 173160809; 214421432; 214421433; 214421434 | I53: 12768377; 15411209 | J53: ОТ № ЮГОК ПГУ 25-28; ЮГОК ПГУ 26-30 | K53: 05.02.2026; 26.07.2026 | L53: Успешно | M53: Пользовательский интерфейс | N53: 6 | O53: 2 | Q53: 2 | T53: 1 | AB53: 1 | AC53: 2
A54: работник 762 | B54: Машинист погрузочно-доставочной машины (занятый на транспортировании горной массы в технологическом процессе) | C54: Машинист погрузочно-доставочной машины (занятый на транспортировании горной массы в технологическом процессе) | D54: ОБЩЕСТВО С ОГРАНИЧЕННОЙ ОТВЕТСТВЕННОСТЬЮ "АМУР ЗОЛОТО" | E54: 2708001686 | F54: ООО "Амур Золото" | G54: 2708001686 | H54: 200897062; 200897063; 200897064; 214421366; 214421367; 214421368 | I54: 14513218; 15411209 | J54: ЮГОК ПГУ 26-01; ЮГОК ПГУ 26-27 | K54: 04.06.2026; 23.07.2026 | L54: Успешно | M54: Пользовательский интерфейс | N54: 6 | O54: 3 | Q54: 2 | AB54: 2 | AC54: 2
A55: работник 530 | B55: Крепильщик | Проходчик (с исполнением обязанностей взрывника) | C55: Крепильщик | Проходчик (с исполнением обязанностей взрывника) | D55: ОБЩЕСТВО С ОГРАНИЧЕННОЙ ОТВЕТСТВЕННОСТЬЮ "АМУР ЗОЛОТО" | E55: 2708001686 | F55: ООО "Амур Золото" | G55: 2708001686 | H55: 110446297; 110446298; 214421450; 214421451; 214421452 | I55: 8371772; 15411209 | J55: ОТ № ЮГОК ПГУ 01-25; ЮГОК ПГУ 26-31 | K55: 25.01.2025; 22.07.2026 | L55: Успешно | M55: Пользовательский интерфейс | N55: 5 | O55: 2 | Q55: 2 | AB55: 1 | AC55: 2
A56: работник 335 | B56: Машинист двигателей внутреннего сгорания (с исполнением обязанностей машиниста компрессорных установок) | C56: Машинист ДВС с обязанностями компрессорщик | Машинист двигателей внутреннего сгорания (с исполнением обязанностей машиниста компрессорных установок) | D56: ОБЩЕСТВО С ОГРАНИЧЕННОЙ ОТВЕТСТВЕННОСТЬЮ "АМУР ЗОЛОТО" | E56: 2708001686 | F56: ООО "Амур Золото" | G56: 2708001686 | H56: 47664838; 47664839; 47664840; 222717355; 222717356; 222717357 | I56: 3785399; 15953442 | J56: ОТ № ЮГОК ЭУ 23-08; ЮГОК ЭУ 26-25 | K56: 15.12.2023; 25.08.2026 | L56: Успешно | M56: Пользовательский интерфейс | N56: 6 | O56: 3 | Q56: 2 | AB56: 2 | AC56: 2
A57: работник 214 | B57: Водитель погрузчика | C57: Водитель погрузчика | D57: ОБЩЕСТВО С ОГРАНИЧЕННОЙ ОТВЕТСТВЕННОСТЬЮ "АМУР ЗОЛОТО" | E57: 2708001686 | F57: ООО "Амур Золото" | G57: 2708001686 | H57: 41372083; 41372084; 41372085; 222717209; 222717210; 222717211 | I57: 3335316; 15953442 | J57: ОТ № ЮГОК АТЦ 23-03; ЮГОК АТЦ 26-20 | K57: 03.12.2023; 18.08.2026 | L57: Успешно | M57: Пользовательский интерфейс | N57: 6 | O57: 3 | Q57: 2 | AB57: 2 | AC57: 2
A58: работник 386 | B58: Пробоотборщик | Горнорабочий на геологических работах | C58: Пробоотборщик | Горнорабочий на геологических работах | D58: ОБЩЕСТВО С ОГРАНИЧЕННОЙ ОТВЕТСТВЕННОСТЬЮ "АМУР ЗОЛОТО" | E58: 2708001686 | F58: ООО "Амур Золото" | G58: 2708001686 | H58: 71599953; 71599954; 71599955; 222717299; 222717300; 222717301 | I58: 5518427; 15953442 | J58: ОТ №ЮГОК ГМО 24-01; ЮГОК ОГГ 26-08 | K58: 08.08.2024; 25.08.2026 | L58: Успешно | M58: Пользовательский интерфейс | N58: 6 | O58: 3 | Q58: 2 | AB58: 2 | AC58: 2
A59: работник 610 | B59: Аппаратчик воздухоразделения | C59: Аппаратчик воздухоразделения | D59: ОБЩЕСТВО С ОГРАНИЧЕННОЙ ОТВЕТСТВЕННОСТЬЮ "АМУР ЗОЛОТО" | E59: 2708001686 | F59: ООО "Амур Золото" | G59: 2708001686 | H59: 163550867; 163550868; 222717313; 222717314 | I59: 12120704; 15953442 | J59: ОТ № ЮГОК ПГУ 25-24; ЮГОК ЭУ 13-26 | K59: 14.12.2025; 21.08.2026 | L59: Успешно | M59: Пользовательский интерфейс | N59: 4 | O59: 2 | Q59: 2 | AC59: 2
A60: работник 59 | B60: Машинист (кочегар) котельной | Оператор дизельных котлов | C60: Машинист кочегар котельной | Оператор дизельных котлов | D60: ОБЩЕСТВО С ОГРАНИЧЕННОЙ ОТВЕТСТВЕННОСТЬЮ "АМУР ЗОЛОТО" | E60: 2708001686 | F60: ООО "Амур Золото" | G60: 2708001686 | H60: 37117407; 37117408; 37117409; 222717320; 222717321; 222717322 | I60: 2978778; 15953442 | J60: ОТ № ЮГОК ЭУ 23-01; ЮГОК ЭУ 26-19 | K60: 23.11.2023; 23.08.2026 | L60: Успешно | M60: Пользовательский интерфейс | N60: 6 | O60: 3 | Q60: 2 | AB60: 2 | AC60: 2
A61: работник 157 | B61: Проходчик (с исполнением обязанностей взрывника) | C61: Проходчик (с исполнением обязанностей взрывника) | D61: ОБЩЕСТВО С ОГРАНИЧЕННОЙ ОТВЕТСТВЕННОСТЬЮ "АМУР ЗОЛОТО" | E61: 2708001686 | F61: ООО "Амур Золото" | G61: 2708001686 | H61: 37117770; 37117771; 37117772; 87544952; 87544953 | I61: 2978778; 6719954 | J61: ОТ № ЮГОК ПГУ 24-01; ОТ № ЮГОК ПГУ 24-23 | K61: 19.01.2024; 12.11.2024 | L61: Успешно | M61: Пользовательский интерфейс | N61: 5 | O61: 2 | Q61: 2 | AB61: 1 | AC61: 2
A62: работник 158 | B62: Горный диспетчер | C62: Горный диспетчер | D62: ОБЩЕСТВО С ОГРАНИЧЕННОЙ ОТВЕТСТВЕННОСТЬЮ "АМУР ЗОЛОТО" | E62: 2708001686 | F62: ООО "Амур Золото" | G62: 2708001686 | H62: 37117773; 37117774; 37117775; 214421518; 214421519; 214421520 | I62: 2978778; 15411209 | J62: ОТ № ЮГОК ПГУ 24-01; ЮГОК ПГУ 26-41 | K62: 19.01.2024; 28.07.2026 | L62: Успешно | M62: Пользовательский интерфейс | N62: 6 | O62: 3 | Q62: 2 | AB62: 2 | AC62: 2
A63: работник 679 | B63: Электрослесарь (слесарь) дежурный и по ремонту оборудования | C63: Электрослесарь (слесарь) дежурный и по ремонту оборудования | D63: ОБЩЕСТВО С ОГРАНИЧЕННОЙ ОТВЕТСТВЕННОСТЬЮ "АМУР ЗОЛОТО" | E63: 2708001686 | F63: ООО "Амур Золото" | G63: 2708001686 | H63: 189085511; 189085512; 222717343; 222717344; 222717345 | I63: 13752947; 15953442 | J63: ОТ № ЮГОК ЭУ 04-26; ЮГОК ЭУ 26-22 | K63: 13.04.2026; 24.08.2026 | L63: Успешно | M63: Пользовательский интерфейс | N63: 5 | O63: 2 | Q63: 2 | AB63: 1 | AC63: 2
A64: работник 268 | B64: Машинист экскаватора | C64: Машинист экскаватора | D64: ОБЩЕСТВО С ОГРАНИЧЕННОЙ ОТВЕТСТВЕННОСТЬЮ "АМУР ЗОЛОТО" | E64: 2708001686 | F64: ООО "Амур Золото" | G64: 2708001686 | H64: 42252344; 42252345; 42252346; 222717173; 222717174; 222717175 | I64: 3404353; 15953442 | J64: ОТ № ЮГОК АТЦ 24-04; ЮГОК АТЦ 26-17 | K64: 23.02.2024; 17.08.2026 | L64: Успешно | M64: Пользовательский интерфейс | N64: 6 | O64: 3 | Q64: 2 | AB64: 2 | AC64: 2
A65: работник 663 | B65: Проходчик (с исполнением обязанностей взрывника) | C65: Проходчик (с исполнением обязанностей взрывника) | D65: ОБЩЕСТВО С ОГРАНИЧЕННОЙ ОТВЕТСТВЕННОСТЬЮ "АМУР ЗОЛОТО" | E65: 2708001686 | F65: ООО "Амур Золото" | G65: 2708001686 | H65: 180849747; 180849748; 180849749; 214421521; 214421522; 214421523; 216771158; 216771159; 216771160 | I65: 13246997; 15411209; 15571832 | J65: ОТ № ЮГОК ПГУ 26-20; ЮГОК ПГУ 26-42; ЮГОК ПГУ 26-48 | K65: 26.02.2026; 28.07.2026; 16.08.2026 | L65: Успешно | M65: Пользовательский интерфейс | N65: 9 | O65: 3 | Q65: 3 | T65: 1 | AB65: 2 | AC65: 3
A66: работник 159 | B66: Проходчик (с исполнением обязанностей взрывника) | C66: Проходчик (с исполнением обязанностей взрывника) | D66: ОБЩЕСТВО С ОГРАНИЧЕННОЙ ОТВЕТСТВЕННОСТЬЮ "АМУР ЗОЛОТО" | E66: 2708001686 | F66: ООО "Амур Золото" | G66: 2708001686 | H66: 37117776; 37117777; 37117778; 87544954; 87544955 | I66: 2978778; 6719954 | J66: ОТ № ЮГОК ПГУ 24-01; ОТ № ЮГОК ПГУ 24-23 | K66: 19.01.2024; 12.11.2024 | L66: Успешно | M66: Пользовательский интерфейс | N66: 5 | O66: 2 | Q66: 2 | AB66: 1 | AC66: 2
A67: работник 114 | B67: Пробоотборщик | Лаборант химического анализа | C67: Пробоотборщик | Лаборант химического анализа | D67: ОБЩЕСТВО С ОГРАНИЧЕННОЙ ОТВЕТСТВЕННОСТЬЮ "АМУР ЗОЛОТО" | E67: 2708001686 | F67: ООО "Амур Золото" | G67: 2708001686 | H67: 37117607; 37117608; 37117609; 173160798; 173160799 | I67: 2978778; 12768377 | J67: ОТ № ЮГОК ОТК 23-01; ОТ № ЮГОК ПАЛ 26-01 | K67: 11.12.2023; 02.02.2026 | L67: Успешно | M67: Пользовательский интерфейс | N67: 5 | O67: 2 | Q67: 2 | AB67: 1 | AC67: 2
A68: работник 208 | B68: Водитель погрузчика | Машинист погрузочно-доставочной машины (ТГМ) | Машинист погрузочно-доставочной машины (занятый на транспортировании горной массы в технологическом процессе) | C68: Водитель погрузчика | Машинист погрузочно-доставочной машины (ТГМ) | Машинист погрузочно-доставочной машины (занятый на транспортировании горной массы в технологическом процессе) | D68: ОБЩЕСТВО С ОГРАНИЧЕННОЙ ОТВЕТСТВЕННОСТЬЮ "АМУР ЗОЛОТО" | E68: 2708001686 | F68: ООО "Амур Золото" | G68: 2708001686 | H68: 41372062; 41372063; 41372064; 43295369; 43295370; 43295371; 214421362; 214421363; 214421365 | I68: 3335316; 3473988; 15411209 | J68: ОТ № ЮГОК АТЦ 23-03; ОТ № ЮГОК ПГР 24-04; ЮГОК ПГУ 26-27 | K68: 03.12.2023; 25.02.2024; 23.07.2026 | L68: Успешно | M68: Пользовательский интерфейс | N68: 9 | O68: 3 | Q68: 3 | AB68: 3 | AC68: 3
A69: работник 311 | B69: Помощник машиниста самоходной буровой установки (с исполнением обязанностей пробоотборщика) (Очистное) | Помощник машиниста самоходной буровой установки (с исполнением обязанностей пробоотборщика) | C69: Помощник машиниста самоходной буровой установки (с исполнением обязанностей пробоотборщика) (Очистное) | Помощник машиниста самоходной буровой установки (с исполнением обязанностей пробоотборщика) | D69: ОБЩЕСТВО С ОГРАНИЧЕННОЙ ОТВЕТСТВЕННОСТЬЮ "АМУР ЗОЛОТО" | E69: 2708001686 | F69: ООО "Амур Золото" | G69: 2708001686 | H69: 43299709; 43299710; 43299711; 216771125; 216771126; 216771127 | I69: 3474285; 15571832 | J69: ОТ № ЮГОК ПГУ 24-05; ЮГОК ПГУ 26-46 | K69: 05.03.2024; 14.08.2026 | L69: Успешно | M69: Пользовательский интерфейс | N69: 6 | O69: 3 | Q69: 2 | AB69: 2 | AC69: 2
A70: работник 243 | B70: Фильтровальщик | Слесарь по контрольно-измерительным приборам и автоматике | C70: Фильтровальщик | Слесарь по контрольно-измерительным приборам и автоматике | D70: ОБЩЕСТВО С ОГРАНИЧЕННОЙ ОТВЕТСТВЕННОСТЬЮ "АМУР ЗОЛОТО" | E70: 2708001686 | F70: ООО "Амур Золото" | G70: 2708001686 | H70: 41372173; 41372174; 41372175; 121097085; 121097086; 189085505; 189085506; 214421319; 214421320; 214421321 | I70: 3335316; 9114030; 13752947; 15411209 | J70: ОТ ЮГОК ЗИОФ 24-04; ОТ № ЮГОК ЗИОФ 25-15; ОТ № ЮГОК ЗИОФ 26-14; ЮГОК ЗИОФ 26-39 | K70: 28.01.2024; 12.04.2025; 08.04.2026; 29.07.2026 | L70: Успешно | M70: Пользовательский интерфейс | N70: 10 | O70: 3 | Q70: 4 | AB70: 2 | AC70: 4
A71: работник 184 | B71: Водитель погрузчика | Водитель автомобиля (занятый на транспортировании горной массы в технологическом процессе) | C71: Водитель погрузчика | Водитель автомобиля (занятый на транспортировании горной массы в технологическом процессе) | D71: ОБЩЕСТВО С ОГРАНИЧЕННОЙ ОТВЕТСТВЕННОСТЬЮ "АМУР ЗОЛОТО" | E71: 2708001686 | F71: ООО "Амур Золото" | G71: 2708001686 | H71: 41371987; 41371988; 41371989; 82311965; 82311966 | I71: 3335316; 6330469 | J71: ОТ № ЮГОК АТЦ 23-03; ОТ №ЮГОК АТЦ 24-06 | K71: 03.12.2023; 05.09.2024 | L71: Успешно | M71: Пользовательский интерфейс | N71: 5 | O71: 2 | Q71: 2 | AB71: 1 | AC71: 2
A72: работник 197 | B72: Водитель автомобиля (занятый на транспортировании горной массы в технологическом процессе) | C72: Водитель автомобиля(занятый на траспортировании горной массы в технологическом процессе) | Водитель автомобиля (занятый на транспортировании горной массы в технологическом процессе) | D72: ОБЩЕСТВО С ОГРАНИЧЕННОЙ ОТВЕТСТВЕННОСТЬЮ "АМУР ЗОЛОТО" | E72: 2708001686 | F72: ООО "Амур Золото" | G72: 2708001686 | H72: 41372029; 41372030; 41372031; 99714066; 99714067 | I72: 3335316; 7576385 | J72: ОТ № ЮГОК АТЦ 23-03; ОТ № ЮГОК АТЦ 25-01 | K72: 03.12.2023; 19.01.2025 | L72: Успешно | M72: Пользовательский интерфейс | N72: 5 | O72: 2 | Q72: 2 | AB72: 1 | AC72: 2
A73: работник 250 | B73: Флотатор | Аппаратчик-гидрометаллург | C73: Флотатор | Аппаратчик-гидрометаллург | D73: ОБЩЕСТВО С ОГРАНИЧЕННОЙ ОТВЕТСТВЕННОСТЬЮ "АМУР ЗОЛОТО" | E73: 2708001686 | F73: ООО "Амур Золото" | G73: 2708001686 | H73: 41372200; 41372201; 41372202; 214421277; 214421278; 214421279 | I73: 3335316; 15411209 | J73: ОТ ЮГОК ЗИОФ 24-13; ОТ ЮГОК ЗИОФ 24-14; ЮГОК ЗИОФ 26-34 | K73: 12.02.2024; 22.02.2024; 29.07.2026 | L73: Успешно | M73: Пользовательский интерфейс | N73: 6 | O73: 3 | Q73: 2 | AB73: 2 | AC73: 2
A74: работник 636 | B74: Грузчик | Аппаратчик-гидрометаллург | C74: Грузчик | Аппаратчик-гидрометаллург | D74: ОБЩЕСТВО С ОГРАНИЧЕННОЙ ОТВЕТСТВЕННОСТЬЮ "АМУР ЗОЛОТО" | E74: 2708001686 | F74: ООО "Амур Золото" | G74: 2708001686 | H74: 175826200; 175826201; 214421335; 214421336; 214421337; 223283026; 223283027; 223283029 | I74: 12935952; 15411209; 15995643 | J74: ОТ № ЮГОК ЗИОФ 26-01; ЮГОК ЗИОФ 26-42; ЮГОК ЗИОФ 26-56 | K74: 19.02.2026; 29.07.2026; 10.09.2026 | L74: Успешно | M74: Пользовательский интерфейс | N74: 8 | O74: 3 | Q74: 3 | AB74: 2 | AC74: 3
A75: работник 136 | B75: Горнорабочий | Крепильщик | C75: Горнорабочий | Крепильщик | D75: ОБЩЕСТВО С ОГРАНИЧЕННОЙ ОТВЕТСТВЕННОСТЬЮ "АМУР ЗОЛОТО" | E75: 2708001686 | F75: ООО "Амур Золото" | G75: 2708001686 | H75: 37117704; 37117705; 37117706; 87544960; 87544961 | I75: 2978778; 6719954 | J75: ОТ № ЮГОК ГМО 23-02; ОТ № ЮГОК ПГУ 24-23 | K75: 11.12.2023; 12.11.2024 | L75: Успешно | M75: Пользовательский интерфейс | N75: 5 | O75: 2 | Q75: 2 | AB75: 1 | AC75: 2
A76: работник 680 | B76: Слесарь-сантехник | C76: Слесарь-сантехник | D76: ОБЩЕСТВО С ОГРАНИЧЕННОЙ ОТВЕТСТВЕННОСТЬЮ "АМУР ЗОЛОТО" | E76: 2708001686 | F76: ООО "Амур Золото" | G76: 2708001686 | H76: 189085513; 189085514; 222717352; 222717353; 222717354 | I76: 13752947; 15953442 | J76: ОТ № ЮГОК ЭУ 05-26; ЮГОК ЭУ 26-24 | K76: 13.04.2026; 25.08.2026 | L76: Успешно | M76: Пользовательский интерфейс | N76: 5 | O76: 2 | Q76: 2 | AB76: 1 | AC76: 2
A77: работник 161 | B77: Машинист подземно-доставочной машины | Машинист самоходной буровой установки | Машинист погрузочно-доставочной машины | C77: Машинист подземно-доставочной машины | Машинист самоходной буровой установки | Машинист погрузочно-доставочной машины | D77: ОБЩЕСТВО С ОГРАНИЧЕННОЙ ОТВЕТСТВЕННОСТЬЮ "АМУР ЗОЛОТО" | E77: 2708001686 | F77: ООО "Амур Золото" | G77: 2708001686 | H77: 37117782; 37117783; 37117784; 82311995; 82311996; 214421392; 214421393; 214421394 | I77: 2978778; 6330469; 15411209 | J77: ОТ № ЮГОК ПГУ 24-01; ОТ №ЮГОК ПГУ 24-18; ЮГОК ПГУ 26-28 | K77: 19.01.2024; 20.09.2024; 23.07.2026 | L77: Успешно | M77: Пользовательский интерфейс | N77: 8 | O77: 3 | Q77: 3 | AB77: 2 | AC77: 3
A78: работник 534 | B78: Проходчик (с исполнением обязанностей взрывника) | C78: Проходчик (с исполнением обязанностей взрывника) | D78: ОБЩЕСТВО С ОГРАНИЧЕННОЙ ОТВЕТСТВЕННОСТЬЮ "АМУР ЗОЛОТО" | E78: 2708001686 | F78: ООО "Амур Золото" | G78: 2708001686 | H78: 110446305; 110446306; 216771161; 216771162; 216771163 | I78: 8371772; 15571832 | J78: ОТ № ЮГОК ПГУ 05-25; ЮГОК ПГУ 26-48 | K78: 19.02.2025; 16.08.2026 | L78: Успешно | M78: Пользовательский интерфейс | N78: 5 | O78: 2 | Q78: 2 | AB78: 1 | AC78: 2
A79: работник 26 | B79: Электрогазосварщик | C79: Электрогазосварщик | Электрогазосварщик (занятый на резке и ручной сварке) | D79: ОБЩЕСТВО С ОГРАНИЧЕННОЙ ОТВЕТСТВЕННОСТЬЮ "АМУР ЗОЛОТО" | E79: 2708001686 | F79: ООО "Амур Золото" | G79: 2708001686 | H79: 37117296; 37117297; 37117298; 37117299; 37117300; 37117301; 90580097; 96539118; 96539119; 96539120; 96539121; 96539122; 96539123; 214421301; 214421302; 214421303 | I79: 2978778; 6934388; 7135797; 15411209 | J79: ОТ № ЮГОК ЗИОФ 23-02; ОТ № ЮГОК ЗИОФ 24-38; ОТ № ЮГОК ЗИОФ 24-41; ЮГОК ЗИОФ 26-37 | K79: 24.11.2023; 25.11.2024; 10.12.2024; 29.07.2026 | L79: Успешно | M79: Пользовательский интерфейс | N79: 16 | O79: 7 | Q79: 2 | R79: 2 | S79: 2 | T79: 2 | U79: 2 | V79: 2 | W79: 2 | AB79: 1 | AC79: 1
A80: работник 455 | B80: Дробильщик | Фильтровальщик | C80: Дробильщик | Фильтровальщик | D80: ОБЩЕСТВО С ОГРАНИЧЕННОЙ ОТВЕТСТВЕННОСТЬЮ "АМУР ЗОЛОТО" | E80: 2708001686 | F80: ООО "Амур Золото" | G80: 2708001686 | H80: 85344332; 85344333; 180849745; 180849746 | I80: 6554154; 13246997 | J80: ОТ № ЮГОК ЗИОФ 24-35; ОТ № ЮГОК ЗИОФ 26-05 | K80: 25.10.2024; 09.03.2026 | L80: Успешно | M80: Пользовательский интерфейс | N80: 4 | O80: 2 | Q80: 2 | AC80: 2
A81: работник 271 | B81: Машинист бульдозера | C81: Машинист бульдозера | D81: ОБЩЕСТВО С ОГРАНИЧЕННОЙ ОТВЕТСТВЕННОСТЬЮ "АМУР ЗОЛОТО" | E81: 2708001686 | F81: ООО "Амур Золото" | G81: 2708001686 | H81: 42252353; 42252354; 42252355; 222717192; 222717193; 222717194 | I81: 3404353; 15953442 | J81: ОТ № ЮГОК АТЦ 24-04; ЮГОК АТЦ 26-19 | K81: 23.02.2024; 18.08.2026 | L81: Успешно | M81: Пользовательский интерфейс | N81: 6 | O81: 3 | Q81: 2 | AB81: 2 | AC81: 2
A82: работник 68 | B82: Подсобный рабочий | Стропальщик (с исполнением обязанностей грузчика) | C82: Подсобный рабочий | Стропальщик (с исполнением обязанностей грузчика) | D82: ОБЩЕСТВО С ОГРАНИЧЕННОЙ ОТВЕТСТВЕННОСТЬЮ "АМУР ЗОЛОТО" | E82: 2708001686 | F82: ООО "Амур Золото" | G82: 2708001686 | H82: 37117435; 37117436; 37117437; 41372132; 41372133; 41372134 | I82: 2978778; 3335316 | J82: ОТ № ЮГОК УОП 23-01; ОТ № ЮГОК СК 24-02 | K82: 30.11.2023; 23.02.2024 | L82: Успешно | M82: Пользовательский интерфейс | N82: 6 | O82: 3 | Q82: 2 | AB82: 2 | AC82: 2
A83: работник 272 | B83: Водитель погрузчика | Водитель автомобиля (занятый на транспортировании горной массы в технологическом процессе) | C83: Водитель погрузчика | Водитель автомобиля (занятый на транспортировании горной массы в технологическом процессе) | D83: ОБЩЕСТВО С ОГРАНИЧЕННОЙ ОТВЕТСТВЕННОСТЬЮ "АМУР ЗОЛОТО" | E83: 2708001686 | F83: ООО "Амур Золото" | G83: 2708001686 | H83: 42252356; 42252357; 42252358; 222717147; 222717148; 222717149 | I83: 3404353; 15953442 | J83: ОТ № ЮГОК АТЦ 24-04; ЮГОК АТЦ 26-15 | K83: 23.02.2024; 17.08.2026 | L83: Успешно | M83: Пользовательский интерфейс | N83: 6 | O83: 3 | Q83: 2 | AB83: 2 | AC83: 2
A84: работник 162 | B84: Проходчик (с исполнением обязанностей взрывника) | C84: Проходчик (с исполнением обязанностей взрывника) | D84: ОБЩЕСТВО С ОГРАНИЧЕННОЙ ОТВЕТСТВЕННОСТЬЮ "АМУР ЗОЛОТО" | E84: 2708001686 | F84: ООО "Амур Золото" | G84: 2708001686 | H84: 37117785; 37117786; 37117787; 87544929; 87544962; 214421444; 214421445; 214421446 | I84: 2978778; 6719954; 15411209 | J84: ОТ № ЮГОК ПГУ 24-01; ОТ № ЮГОК ПГУ 24-23; ЮГОК ПГУ 26-31 | K84: 19.01.2024; 12.11.2024; 22.07.2026 | L84: Успешно | M84: Пользовательский интерфейс | N84: 8 | O84: 3 | Q84: 3 | AB84: 2 | AC84: 3
A85: работник 439 | B85: Машинист конвейера | C85: Машинист конвейера | D85: ОБЩЕСТВО С ОГРАНИЧЕННОЙ ОТВЕТСТВЕННОСТЬЮ "АМУР ЗОЛОТО" | E85: 2708001686 | F85: ООО "Амур Золото" | G85: 2708001686 | H85: 85344300; 85344301; 214421234; 214421235; 214421236 | I85: 6554154; 15411209 | J85: ОТ № ЮГОК ЗИОФ 24-34; ЮГОК ЗИОФ 26-30 | K85: 25.10.2024; 29.07.2026 | L85: Успешно | M85: Пользовательский интерфейс | N85: 5 | O85: 2 | Q85: 2 | AB85: 1 | AC85: 2
A86: работник 833 | B86: Электромонтер по ремонту и обслуживанию электрооборудования | C86: Электромонтер по ремонту и обслуживанию электрооборудования | D86: ОБЩЕСТВО С ОГРАНИЧЕННОЙ ОТВЕТСТВЕННОСТЬЮ "АМУР ЗОЛОТО" | E86: 2708001686 | F86: ООО "Амур Золото" | G86: 2708001686 | H86: 214421298; 214421299; 214421300; 222717268; 222717269; 222717270; 222717271 | I86: 15411209; 15953442 | J86: ЮГОК ЗИОФ 26-36; ЮГОК ЗИОФ 26-15 | K86: 29.07.2026; 01.07.2026 | L86: Успешно | M86: Пользовательский интерфейс | N86: 7 | O86: 3 | Q86: 2 | X86: 1 | AB86: 2 | AC86: 2
A87: работник 342 | B87: Бункеровщик | Машинист мельниц | C87: Бункеровщик | Машинист мельниц | D87: ОБЩЕСТВО С ОГРАНИЧЕННОЙ ОТВЕТСТВЕННОСТЬЮ "АМУР ЗОЛОТО" | E87: 2708001686 | F87: ООО "Амур Золото" | G87: 2708001686 | H87: 58069234; 58069235; 58069236; 214421220; 214421221; 214421222 | I87: 4506532; 15411209 | J87: ОТ № ЮГОК ЗИОФ 24-26; ЮГОК ЗИОФ 26-29 | K87: 19.04.2024; 29.07.2026 | L87: Успешно | M87: Пользовательский интерфейс | N87: 6 | O87: 3 | Q87: 2 | AB87: 2 | AC87: 2
A88: работник 543 | B88: Пробоотборщик | Контролер продукции обогащения | C88: Пробоотборщик | Контролер продукции обогащения | D88: ОБЩЕСТВО С ОГРАНИЧЕННОЙ ОТВЕТСТВЕННОСТЬЮ "АМУР ЗОЛОТО" | E88: 2708001686 | F88: ООО "Амур Золото" | G88: 2708001686 | H88: 121097093; 121097094; 223283047; 223283048; 223283049 | I88: 9114030; 15995643 | J88: ОТ № ЮГОК ОТК 25-04; ЮГОК ОТК 26-08 | K88: 20.04.2025; 21.08.2026 | L88: Успешно | M88: Пользовательский интерфейс | N88: 5 | O88: 2 | Q88: 2 | AB88: 1 | AC88: 2
A89: работник 40 | B89: Лаборант химического анализа | C89: Лаборант химического анализа | D89: ОБЩЕСТВО С ОГРАНИЧЕННОЙ ОТВЕТСТВЕННОСТЬЮ "АМУР ЗОЛОТО" | E89: 2708001686 | F89: ООО "Амур Золото" | G89: 2708001686 | H89: 37117346; 37117347; 37117348; 121097095; 121097096 | I89: 2978778; 9114030 | J89: ОТ № ЮГОК ПАЛ 23-01; ОТ № ЮГОК ПАЛ 25-03 | K89: 24.11.2023; 28.03.2025 | L89: Успешно | M89: Пользовательский интерфейс | N89: 5 | O89: 2 | Q89: 2 | AB89: 1 | AC89: 2
A90: работник 382 | B90: Растворщик реагентов | C90: Растворщик реагентов | D90: ОБЩЕСТВО С ОГРАНИЧЕННОЙ ОТВЕТСТВЕННОСТЬЮ "АМУР ЗОЛОТО" | E90: 2708001686 | F90: ООО "Амур Золото" | G90: 2708001686 | H90: 69620882; 69620883; 69620884; 110446287; 110446288 | I90: 5369346; 8371772 | J90: ОТ № ЮГОК ЗИОФ 24-30; ОТ № ЮГОК ЗИОФ 25-06 | K90: 20.06.2024; 18.02.2025 | L90: Успешно | M90: Пользовательский интерфейс | N90: 5 | O90: 2 | Q90: 2 | AB90: 1 | AC90: 2
A91: работник 486 | B91: Машинист погрузочно-доставочной машины | C91: Машинист погрузочно-доставочной машины | D91: ОБЩЕСТВО С ОГРАНИЧЕННОЙ ОТВЕТСТВЕННОСТЬЮ "АМУР ЗОЛОТО" | E91: 2708001686 | F91: ООО "Амур Золото" | G91: 2708001686 | H91: 87544965; 87544966; 216771137; 216771138; 216771139 | I91: 6719954; 15571832 | J91: ОТ № ЮГОК ПГУ 24-23; ЮГОК ПГУ 26-47 | K91: 12.11.2024; 15.08.2026 | L91: Успешно | M91: Пользовательский интерфейс | N91: 5 | O91: 2 | Q91: 2 | AB91: 1 | AC91: 2
A92: работник 315 | B92: Крепильщик | Помощник машиниста самоходной буровой установки (с исполнением обязанностей пробоотборщика) (Очистное) | C92: Крепильщик | Помощник машиниста самоходной буровой установки (с исполнением обязанностей пробоотборщика) (Очистное) | D92: ОБЩЕСТВО С ОГРАНИЧЕННОЙ ОТВЕТСТВЕННОСТЬЮ "АМУР ЗОЛОТО" | E92: 2708001686 | F92: ООО "Амур Золото" | G92: 2708001686 | H92: 43299721; 43299722; 43299723; 131313237; 131313249 | I92: 3474285; 9873379 | J92: ОТ № ЮГОК ПГУ 24-05; ОТ № ЮГОК ПГУ 20-25 | K92: 05.03.2024; 10.06.2025 | L92: Успешно | M92: Пользовательский интерфейс | N92: 5 | O92: 2 | Q92: 2 | AB92: 1 | AC92: 2
A93: работник 670 | B93: Лаборант пробирного анализа | C93: Лаборант пробирного анализа | D93: ОБЩЕСТВО С ОГРАНИЧЕННОЙ ОТВЕТСТВЕННОСТЬЮ "АМУР ЗОЛОТО" | E93: 2708001686 | F93: ООО "Амур Золото" | G93: 2708001686 | H93: 186715550; 186715551; 214421762; 214421763; 214421764 | I93: 13603635; 15411233 | J93: ОТ № ЮГОК ПАЛ 26-03; ЮГОК ПАЛ 26-08 | K93: 20.03.2026; 02.08.2026 | L93: Успешно | M93: Пользовательский интерфейс | N93: 5 | O93: 2 | Q93: 2 | AB93: 1 | AC93: 2
A94: работник 38 | B94: Дробильщик | C94: Дробильщик | D94: ОБЩЕСТВО С ОГРАНИЧЕННОЙ ОТВЕТСТВЕННОСТЬЮ "АМУР ЗОЛОТО" | E94: 2708001686 | F94: ООО "Амур Золото" | G94: 2708001686 | H94: 37117340; 37117341; 37117342; 173160796; 173160797 | I94: 2978778; 12768377 | J94: ОТ № ЮГОК ПАЛ 23-01; ОТ № ЮГОК ПАЛ 26-01 | K94: 24.11.2023; 02.02.2026 | L94: Успешно | M94: Пользовательский интерфейс | N94: 5 | O94: 2 | Q94: 2 | AB94: 1 | AC94: 2
A95: работник 782 | B95: Электрослесарь (слесарь) дежурный и по ремонту оборудования подземного горного участка | Электрослесарь (слесарь) дежурный и по ремонту оборудования | C95: Электрослесарь (слесарь) дежурный и по ремонту оборудования подземного горного участка | Электрослесарь (слесарь) дежурный и по ремонту оборудования | D95: ОБЩЕСТВО С ОГРАНИЧЕННОЙ ОТВЕТСТВЕННОСТЬЮ "АМУР ЗОЛОТО" | E95: 2708001686 | F95: ООО "Амур Золото" | G95: 2708001686 | H95: 200897119; 200897120; 200897121; 200897122; 214421462; 214421463; 214421464 | I95: 14513218; 15411209 | J95: ЮГОК ПГУ 26-01; ЮГОК ПГУ 26-32 | K95: 04.06.2026; 28.07.2026 | L95: Успешно | M95: Пользовательский интерфейс | N95: 7 | O95: 3 | Q95: 2 | X95: 1 | AB95: 2 | AC95: 2
A96: работник 659 | B96: Электрогазосварщик | C96: Электрогазосварщик (занятый на резке и ручной сварке) | D96: ОБЩЕСТВО С ОГРАНИЧЕННОЙ ОТВЕТСТВЕННОСТЬЮ "АМУР ЗОЛОТО" | E96: 2708001686 | F96: ООО "Амур Золото" | G96: 2708001686 | H96: 180849737; 180849738; 214421307; 214421308 | I96: 13246997; 15411209 | J96: ОТ № ЮГОК ЗИОФ 26-03; ЮГОК ЗИОФ 26-37 | K96: 27.02.2026; 29.07.2026 | L96: Успешно | M96: Пользовательский интерфейс | N96: 4 | O96: 1 | Q96: 2 | AB96: 1 | AC96: 1
A97: работник 593 | B97: Помощник машиниста самоходной буровой установки (с исполнением обязанностей пробоотборщика) (Очистное) | Крепильщик | C97: Помощник машиниста самоходной буровой установки (с исполнением обязанностей пробоотборщика) (Очистное) | Крепильщик | D97: ОБЩЕСТВО С ОГРАНИЧЕННОЙ ОТВЕТСТВЕННОСТЬЮ "АМУР ЗОЛОТО" | E97: 2708001686 | F97: ООО "Амур Золото" | G97: 2708001686 | H97: 148626989; 148626990; 216771215; 216771216; 216771217 | I97: 11125717; 15571832 | J97: ОТ № ЮГОК ПГУ 25-25; ЮГОК ПГУ 26-54 | K97: 22.07.2025; 18.08.2026 | L97: Успешно | M97: Пользовательский интерфейс | N97: 5 | O97: 2 | Q97: 2 | AB97: 1 | AC97: 2
A98: работник 806 | B98: Повар | C98: повар | Повар | D98: ОБЩЕСТВО С ОГРАНИЧЕННОЙ ОТВЕТСТВЕННОСТЬЮ "АМУР ЗОЛОТО" | E98: 2708001686 | F98: ООО "Амур Золото" | G98: 2708001686 | H98: 207616904; 207616905; 222717221; 222717248; 222717249 | I98: 14965340; 15953442 | J98: ЮГОК АХЧ- 23; ЮГОК АХЧ 26-54 | K98: 03.07.2026; 20.08.2026 | L98: Успешно | M98: Пользовательский интерфейс | N98: 5 | O98: 2 | Q98: 2 | AB98: 1 | AC98: 2
A99: работник 81 | B99: Плотник | C99: Плотник | D99: ОБЩЕСТВО С ОГРАНИЧЕННОЙ ОТВЕТСТВЕННОСТЬЮ "АМУР ЗОЛОТО" | E99: 2708001686 | F99: ООО "Амур Золото" | G99: 2708001686 | H99: 37117475; 37117476; 37117477; 37117504; 37117505; 37117506; 85344256; 85344257; 197822322; 197822323 | I99: 2978778; 6554154; 14313480 | J99: ОТ № ЮГОК РСУ 23-01; ОТ № ЮГОК РСУ 23-02; ОТ ЮГОК РСУ 24-04; ЮГОК ОКС (РСУ) 26-01 | K99: 23.11.2023; 24.11.2023; 26.10.2024; 23.05.2026 | L99: Успешно | M99: Пользовательский интерфейс | N99: 10 | O99: 2 | Q99: 3 | R99: 1 | Y99: 1 | Z99: 1 | AB99: 1 | AC99: 3
A100: работник 421 | B100: Горнорабочий на маркшейдерских работах | Помощник машиниста самоходной буровой установки (с исполнением обязанностей пробоотборщика) (Очистное) | C100: Горнорабочий на маркшейдерских работах | Помощник машиниста самоходной буровой установки (с исполнением обязанностей пробоотборщика) (Очистное) | D100: ОБЩЕСТВО С ОГРАНИЧЕННОЙ ОТВЕТСТВЕННОСТЬЮ "АМУР ЗОЛОТО" | E100: 2708001686 | F100: ООО "Амур Золото" | G100: 2708001686 | H100: 85344258; 85344259; 131313252; 131313253 | I100: 6554154; 9873379 | J100: ОТ № ЮГОК ГМО 24-02; ОТ № ЮГОК ПГУ 22-25 | K100: 14.10.2024; 11.06.2025 | L100: Успешно | M100: Пользовательский интерфейс | N100: 4 | O100: 2 | Q100: 2 | AC100: 2
...

Sheet Распределение внешний внутр УЦ
A1: Столбец E исходных данных — работодатель, столбец H — кто проводил обучение. ООО «Амур Золото» в столбце H — внутреннее обучение у работодателя. АНО ДПО «Перспектива» — внешний учебный центр. По п. 44 Порядка № 2464 программы 46а, 46б и все программы 46в во внешнем центре проходят руководители (директор, начальник, заведующий, руководитель, мастер и их заместители: к ним относятся и те, кто проводит инструктаж, и члены комиссии) и специалисты по охране труда. Первую помощь и СИЗ можно проводить у работодателя. Красная ячейка — программу прошли у работодателя, а нужно было во внешнем центре. Зелёная — программу прошли в «Перспективе», хотя её можно было пройти внутри. Без заливки место обучения правилу соответствует. Если среди должностей работника есть руководитель или специалист по охране труда, внешний центр обязателен для всех его программ 46а, 46б и 46в.
A2: FIO | B2: Должность | C2: Кто должен учиться во внешнем УЦ | D2: 46а | E2: 46б | F2: Высота | G2: Огневые | H2: ОЗП | I2: ПС | J2: Сосуды | K2: Оборуд. | L2: Электро | M2: Стройка | N2: Здания | O2: Земля | P2: Первая помощь | Q2: СИЗ | R2: Красных | S2: Зелёных
A3: работник 216 | B3: Водитель автомобиля (категория Д) | E3: внутр | P3: внутр | Q3: внутр
A4: работник 464 | B4: Водитель автомобиля (категория D) | E4: внутр | Q4: внутр
A5: работник 406 | B5: Водитель автомобиля кат. С | Водитель автомобиля (категория С) | E5: внутр | P5: внутр | Q5: внутр
A6: работник 146 | B6: Проходчик (с исполнением обязанностей взрывника) | E6: внутр | P6: внутр | Q6: внутр
A7: работник 606 | B7: Кухонный рабочий | Лаборант химического анализа | E7: внутр | P7: внутр | Q7: внутр
A8: работник 32 | B8: Электромантер | Электромонтер по ремонту и обслуживанию электрооборудования | Электромонтер по ремонту и обслуживанию электрооборудованию | Проходчик (с исполнением обязанностей взрывника) | E8: внутр | F8: внутр | G8: внутр | H8: внутр | I8: внутр | J8: внутр | K8: внутр | L8: внутр | Q8: внутр
A9: работник 306 | B9: Машинист самоходной буровой установки | E9: внутр | P9: внутр | Q9: внутр
A10: работник 572 | B10: Электромонтер по ремонту и обслуживанию электрооборудования | E10: внутр | Q10: внутр
A11: работник 126 | B11: Дробильщик | Дробильщики | E11: внутр | P11: внутр | Q11: внутр
A12: работник 78 | B12: Электрогазосварщик (занятый на резке и ручной сварке) | Сварщик | Электрогазосварщик | E12: внутр | F12: внутр | G12: внутр | M12: внутр | N12: внутр | P12: внутр | Q12: внутр
A13: работник 666 | B13: Электрослесарь (слесарь) дежурный и по ремонту оборудования | E13: внутр | P13: внутр | Q13: внутр
A14: работник 825 | B14: Уборщик производственных и служебных помещений | E14: внутр | Q14: внутр
A15: работник 147 | B15: Крепильщик | E15: внутр | P15: внутр | Q15: внутр
A16: работник 746 | B16: Начальник по рудному направлению | C16: Руководитель | D16: внутр | E16: внутр | Q16: внутр | R16: 2
A17: работник 341 | B17: Электрогазосварщик | E17: внутр | P17: внутр | Q17: внутр
A18: работник 507 | B18: Электрогазосварщик (занятый на резке и ручной сварке) | E18: внутр | F18: внутр | G18: внутр | H18: внутр | I18: внутр | J18: внутр | K18: внутр | P18: внутр | Q18: внутр
A19: работник 352 | B19: Подсобный рабочий | E19: внутр | P19: внутр | Q19: внутр
A20: работник 77 | B20: Плотник | E20: внутр | F20: внутр | M20: внутр | N20: внутр | P20: внутр | Q20: внутр
A21: работник 747 | B21: Водитель автомобиля (с правом управления КМУ) | E21: внутр | Q21: внутр
A22: работник 48 | B22: Машинист ДВС | E22: внутр | P22: внутр | Q22: внутр
A23: работник 351 | B23: Стропальщик (с исполнением обязанностей грузчика) | Кладовщик | E23: внутр | P23: внутр | Q23: внутр
A24: работник 524 | B24: Машинист конвейера | Машинист мельниц | E24: внутр | P24: внутр | Q24: внутр
A25: работник 409 | B25: Водитель автомобиля (занятый на транспортировании горной массы в технологическом процессе) | E25: внутр | Q25: внутр
A26: работник 76 | B26: Монтажник по монтажу стальных и железобетонных конструкций | Монтажник ж/б и м/к | E26: внутр | F26: внутр | M26: внутр | N26: внутр | P26: внутр | Q26: внутр
A27: работник 424 | B27: Аппаратчик-гидрометаллург | Фильтровальщик | E27: внутр | P27: внутр | Q27: внутр
A28: работник 75 | B28: Плотник | E28: внутр | F28: внутр | M28: внутр | N28: внутр | P28: внутр | Q28: внутр
A29: работник 62 | B29: Машинист ДВС с обязанностями компрессорщик | Машинист двигателей внутреннего сгорания (с исполнением обязанностей машиниста компрессорных установок) | E29: внутр | P29: внутр | Q29: внутр
A30: работник 104 | B30: Повар | E30: внутр | P30: внутр | Q30: внутр
A31: работник 305 | B31: Электромонтер | Электромонтер по ремонту и обслуживанию электрооборудования | Электромонтер по ремонту и обслуживанию электрооборудованию | E31: внутр | F31: внутр | G31: внутр | H31: внутр | I31: внутр | J31: внутр | K31: внутр | L31: внутр | Q31: внутр
A32: работник 249 | B32: Бункеровщик | E32: внутр | P32: внутр | Q32: внутр
A33: работник 16 | B33: Машинист буровой установки (НКР) | E33: внутр | P33: внутр | Q33: внутр
A34: работник 135 | B34: Горнорабочий | E34: внутр | P34: внутр | Q34: внутр
A35: работник 899 | B35: Водитель автомобиля (занятый на транспортировании горной массы в технологическом процессе) | E35: внутр | P35: внутр | Q35: внутр
A36: работник 672 | B36: Горнорабочий на маркшейдерских работах | E36: внутр | P36: внутр | Q36: внутр
A37: работник 5 | B37: Механик по ремонту самоходного транспорта | D37: внеш | E37: внеш | P37: внеш | Q37: внеш | S37: 4
A38: работник 655 | B38: Слесарь по ремонту автомобилей и тяжелой техники | Слесарь по ремонту автомобилей | E38: внутр | P38: внутр | Q38: внутр
A39: работник 53 | B39: Машинист ДВС | E39: внутр | P39: внутр | Q39: внутр
A40: работник 354 | B40: Водитель автомобиля (занятый на транспортировании горной массы в технологическом процессе) | E40: внутр | P40: внутр | Q40: внутр
A41: работник 200 | B41: Водитель автомобиля для перевозки взрывчатых материалов | E41: внутр | P41: внутр | Q41: внутр
A42: работник 784 | B42: Водитель автомобиля (занятый на транспортировании горной массы в технологическом процессе) | E42: внутр | P42: внутр | Q42: внутр
A43: работник 367 | B43: Водитель автомобиля (занятый на транспортировании горной массы в технологическом процессе) | E43: внутр | P43: внутр | Q43: внутр
A44: работник 816 | B44: Водитель автомобиля (категория D) | E44: внутр | Q44: внутр
A45: работник 356 | B45: Водитель погрузчика | E45: внутр | P45: внутр | Q45: внутр
A46: работник 773 | B46: Слесарь-ремонтник (по ремонту горно-шахтного оборудования) | E46: внутр | G46: внутр | P46: внутр | Q46: внутр
A47: работник 148 | B47: Машинист подземно-доставочной машины | Машинист погрузочно-доставочной машины (занятый на транспортировании горной массы в технологическом процессе) | E47: внутр | P47: внутр | Q47: внутр
A48: работник 831 | B48: Бункеровщик | E48: внутр | P48: внутр | Q48: внутр
A49: работник 840 | B49: Машинист погрузочно-доставочной машины (занятый на транспортировании горной массы в технологическом процессе) | E49: внутр | P49: внутр | Q49: внутр
A50: работник 56 | B50: Машинист насосных установок | E50: внутр | P50: внутр | Q50: внутр
A51: работник 687 | B51: Заместитель начальника участка | C51: Руководитель | G51: внутр | R51: 1
A52: работник 504 | B52: Электрогазосварщик | Электрогазосварщик (занятый на резке и ручной сварке) | E52: внутр | F52: внутр | G52: внутр | H52: внутр | I52: внутр | J52: внутр | K52: внутр | P52: внутр | Q52: внутр
A53: работник 79 | B53: Плотник | E53: внутр | F53: внутр | M53: внутр | N53: внутр | P53: внутр | Q53: внутр
A54: работник 149 | B54: Машинист подземно-доставочной машины | Машинист погрузочно-доставочной машины | E54: внутр | P54: внутр | Q54: внутр
A55: работник 150 | B55: Помощник машиниста самоходной буровой установки | Помощник машиниста самоходной буровой установки (с исполнением обязанностей пробоотборщика) (Очистное) | E55: внутр | P55: внутр | Q55: внутр
A56: работник 151 | B56: Машинист подземно-доставочной машины | Машинист погрузочно-доставочной машины (занятый на транспортировании горной массы в технологическом процессе) | E56: внутр | P56: внутр | Q56: внутр
A57: работник 109 | B57: Повар | E57: внутр | P57: внутр | Q57: внутр
A58: работник 94 | B58: Кухонный рабочий | Горнорабочий на геологических работах | E58: внутр | P58: внутр | Q58: внутр
A59: работник 905 | B59: Водитель автомобиля (категория С) | E59: внутр | P59: внутр | Q59: внутр
A60: работник 779 | B60: Помощник машиниста самоходной буровой установки (с исполнением обязанностей пробоотборщика) | E60: внутр | P60: внутр | Q60: внутр
A61: работник 627 | B61: Подсобный рабочий | E61: внутр | P61: внутр | Q61: внутр
A62: работник 471 | B62: Контролер | E62: внутр | Q62: внутр
A63: работник 260 | B63: Водитель автомобиля (занятый на транспортировании горной массы в технологическом процессе) | E63: внутр | P63: внутр | Q63: внутр
A64: работник 152 | B64: Машинист подземно-доставочной машины | Машинист погрузочно-доставочной машины (занятый на транспортировании горной массы в технологическом процессе) | E64: внутр | P64: внутр | Q64: внутр
A65: работник 688 | B65: Монтажник по монтажу стальных и железобетонных конструкций | E65: внутр | Q65: внутр
A66: работник 223 | B66: Водитель автомобиля (категория Д) | E66: внутр | P66: внутр | Q66: внутр
A67: работник 153 | B67: Машинист подземно-доставочной машины | E67: внутр | P67: внутр | Q67: внутр
A68: работник 307 | B68: Электрослесарь (слесарь) дежурный и по ремонту оборудования подземного горного участка | E68: внутр | P68: внутр | Q68: внутр
A69: работник 230 | B69: Кладовщик | E69: внутр | P69: внутр | Q69: внутр
A70: работник 308 | B70: Электрослесарь (слесарь) дежурный и по ремонту оборудования подземного горного участка | E70: внутр | P70: внутр | Q70: внутр
A71: работник 64 | B71: Электрослесарь (слесарь) | E71: внутр | P71: внутр | Q71: внутр
A72: работник 47 | B72: Механик холодильных установок | E72: внутр | P72: внутр | Q72: внутр
A73: работник 479 | B73: Машинист подземных самоходных машин | E73: внутр | Q73: внутр
A74: работник 261 | B74: Машинист бульдозера | E74: внутр | P74: внутр | Q74: внутр
A75: работник 836 | B75: Растворщик реагентов | E75: внутр | P75: внутр | Q75: внутр
A76: работник 262 | B76: Электрогазосварщик (занятый на резке и ручной сварке) | E76: внутр | F76: внутр | G76: внутр | P76: внутр | Q76: внутр
A77: работник 55 | B77: Машинист насосных установок | E77: внутр | P77: внутр | Q77: внутр
A78: работник 263 | B78: Водитель погрузчика | E78: внутр | P78: внутр | Q78: внутр
A79: работник 15 | B79: Проходчик (с исполнением обязанностей взрывника) | E79: внутр | P79: внутр | Q79: внутр
A80: работник 841 | B80: Машинист самоходной буровой установки | E80: внутр | P80: внутр | Q80: внутр
A81: работник 893 | B81: Машинист погрузочно-доставочной машины (занятый на транспортировании горной массы в технологическом процессе) | E81: внутр | P81: внутр | Q81: внутр
A82: работник 871 | B82: Повар | E82: внутр | P82: внутр | Q82: внутр
A83: работник 154 | B83: Машинист подземно-доставочной машины | Машинист погрузочно-доставочной машины | E83: внутр | P83: внутр | Q83: внутр
A84: работник 155 | B84: Машинист самоходной буровой установки | Машинист самоходной буровой установки (Проходка) | E84: внутр | P84: внутр | Q84: внутр
A85: работник 110 | B85: Весовщик | Пробоотборщик | E85: внутр | P85: внутр | Q85: внутр
A86: работник 309 | B86: Крепильщик | E86: внутр | P86: внутр | Q86: внутр
A87: работник 896 | B87: Крепильщик | E87: внутр | P87: внутр | Q87: внутр
A88: работник 60 | B88: Слесарь-сантехник | E88: внутр | P88: внутр | Q88: внутр
... A94: работник 301 | B94: Слесарь-ремонтник (по ремонту самоходной техники) | E94: внутр | P94: внутр | Q94: внутр
A95: работник 631 | B95: Кладовщик | E95: внутр | Q95: внутр
A96: работник 441 | B96: Фильтровальщик | E96: внутр | Q96: внутр
A97: работник 310 | B97: Проходчик (с исполнением обязанностей взрывника) | E97: внутр | P97: внутр | Q97: внутр
A98: работник 531 | B98: Крепильщик | E98: внутр | Q98: внутр
A99: работник 684 | B99: Машинист ДВС | E99: внутр | Q99: внутр
A100: работник 513 | B100: Оператор дизельных котлов | E100: внутр | P100: внутр | Q100: внутр
A101: работник 457 | B101: Подсобный рабочий | E101: внутр | Q101: внутр
A102: работник 868 | B102: Кухонный рабочий | E102: внутр | P102: внутр | Q102: внутр
A103: работник 229 | B103: Кладовщик | E103: внутр | P103: внутр | Q103: внутр
A104: работник 43 | B104: Стропальщик | Весовщик | E104: внутр | P104: внутр | Q104: внутр
A105: работник 633 | B105: Помощник машиниста самоходной буровой установки (с исполнением обязанностей пробоотборщика) (Очистное) | Помощник машиниста самоходной буровой установки (с исполнением обязанностей пробоотборщика) | E105: внутр | H105: внутр | P105: внутр | Q105: внутр
...

Sheet Итог
A1: Итог
A2: Анализ выполнен на базе данных реестра обученных лиц, без учёта текучки персонала. Сводка по реестру. Числа — формулы со вкладок «Исходные данные», «Профессии», «Недостаток и избыток обучения», «Повторное обучение и просрочка» и «Распределение внешний внутр УЦ». Назначения — это записи реестра.
A4: Общие сведения
A5: Показатель | B5: Количество
A6: Уникальных работников | B6: ='Сопоставление ФИО'!B935
A7: Уникальных профессий | B7: =COUNTA(Профессии!A3:A142)
A8: Назначений | B8: =Профессии!D143
A9: Программ обучения | B9: =SUMPRODUCT(('Исходные данные'!K2:K3565<>"")/COUNTIF('Исходные данные'!K2:K3565,'Исходные данные'!K2:K3565&""))
A10: Обучений во внешнем учебном центре | B10: =COUNTIF('Исходные данные'!H2:H3565,"*Перспектива*")
A11: Обучений внутри, у работодателя | B11: =COUNTIF('Исходные данные'!H2:H3565,"*Амур Золото*")
A12: Внешние и внутренние вместе | B12: =B10+B11
A14: Недостаток обучения по программам в количестве человеко-программ (в отношении 341 работника)
A15: Программа | B15: Недостаток
A16: ='Недостаток и избыток обучения'!C3 | B16: ='Недостаток и избыток обучения'!C96
A17: ='Недостаток и избыток обучения'!D3 | B17: ='Недостаток и избыток обучения'!D96
A18: ='Недостаток и избыток обучения'!E3 | B18: ='Недостаток и избыток обучения'!E96
A19: ='Недостаток и избыток обучения'!F3 | B19: ='Недостаток и избыток обучения'!F96
A20: ='Недостаток и избыток обучения'!G3 | B20: ='Недостаток и избыток обучения'!G96
A21: ='Недостаток и избыток обучения'!H3 | B21: ='Недостаток и избыток обучения'!H96
A22: ='Недостаток и избыток обучения'!I3 | B22: ='Недостаток и избыток обучения'!I96
A23: ='Недостаток и избыток обучения'!J3 | B23: ='Недостаток и избыток обучения'!J96
A24: ='Недостаток и избыток обучения'!K3 | B24: ='Недостаток и избыток обучения'!K96
A25: ='Недостаток и избыток обучения'!L3 | B25: ='Недостаток и избыток обучения'!L96
A26: ='Недостаток и избыток обучения'!M3 | B26: ='Недостаток и избыток обучения'!M96
A27: ='Недостаток и избыток обучения'!N3 | B27: ='Недостаток и избыток обучения'!N96
A28: ='Недостаток и избыток обучения'!O3 | B28: ='Недостаток и избыток обучения'!O96
A29: ='Недостаток и избыток обучения'!P3 | B29: ='Недостаток и избыток обучения'!P96
A30: ='Недостаток и избыток обучения'!Q3 | B30: ='Недостаток и избыток обучения'!Q96
A32: Избыток обучения по программам в количестве человеко-программ (в отношении 102 работников)
A33: Программа | B33: Избыток
A34: ='Недостаток и избыток обучения'!C100 | B34: ='Недостаток и избыток обучения'!C124
A35: ='Недостаток и избыток обучения'!D100 | B35: ='Недостаток и избыток обучения'!D124
A36: ='Недостаток и избыток обучения'!E100 | B36: ='Недостаток и избыток обучения'!E124
A37: ='Недостаток и избыток обучения'!F100 | B37: ='Недостаток и избыток обучения'!F124
A38: ='Недостаток и избыток обучения'!G100 | B38: ='Недостаток и избыток обучения'!G124
A40: Просроченное обучение
A41: Показатель | B41: Значение
A42: Случаев | B42: ='Повторное обучение и просрочка'!B453
A43: Уникальных работников | B43: ='Повторное обучение и просрочка'!B454
A45: Избыток повторного обучения
A46: Показатель | B46: Значение
A47: Случаев | B47: ='Повторное обучение и просрочка'!B957
A48: Уникальных работников | B48: ='Повторное обучение и просрочка'!B958
A49: Нужно обучений | B49: ='Повторное обучение и просрочка'!E957
A50: Фактически обучений | B50: ='Повторное обучение и просрочка'!F957
A51: Лишних обучений | B51: ='Повторное обучение и просрочка'!G957
A53: Просрочено по программам
A54: Программа | B54: Норма | C54: Случаев
A55: ='Повторное обучение и просрочка'!A961 | B55: ='Повторное обучение и просрочка'!B961 | C55: ='Повторное обучение и просрочка'!C961
A56: ='Повторное обучение и просрочка'!A962 | B56: ='Повторное обучение и просрочка'!B962 | C56: ='Повторное обучение и просрочка'!C962
A57: ='Повторное обучение и просрочка'!A963 | B57: ='Повторное обучение и просрочка'!B963 | C57: ='Повторное обучение и просрочка'!C963
A58: ='Повторное обучение и просрочка'!A964 | B58: ='Повторное обучение и просрочка'!B964 | C58: ='Повторное обучение и просрочка'!C964
A59: ='Повторное обучение и просрочка'!A965 | B59: ='Повторное обучение и просрочка'!B965 | C59: ='Повторное обучение и просрочка'!C965
A60: ='Повторное обучение и просрочка'!A966 | B60: ='Повторное обучение и просрочка'!B966 | C60: ='Повторное обучение и просрочка'!C966
A61: ='Повторное обучение и просрочка'!A967 | B61: ='Повторное обучение и просрочка'!B967 | C61: ='Повторное обучение и просрочка'!C967
A62: ='Повторное обучение и просрочка'!A968 | B62: ='Повторное обучение и просрочка'!B968 | C62: ='Повторное обучение и просрочка'!C968
A63: ='Повторное обучение и просрочка'!A969 | B63: ='Повторное обучение и просрочка'!B969 | C63: ='Повторное обучение и просрочка'!C969
A64: ='Повторное обучение и просрочка'!A970 | B64: ='Повторное обучение и просрочка'!B970 | C64: ='Повторное обучение и просрочка'!C970
A65: ='Повторное обучение и просрочка'!A971 | B65: ='Повторное обучение и просрочка'!B971 | C65: ='Повторное обучение и просрочка'!C971
A66: ='Повторное обучение и просрочка'!A972 | C66: ='Повторное обучение и просрочка'!C972
A68: Избыток повторного обучения по программам
A69: Программа | B69: Норма | C69: Случаев | D69: Лишних обучений
A70: ='Повторное обучение и просрочка'!A976 | B70: ='Повторное обучение и просрочка'!B976 | C70: ='Повторное обучение и просрочка'!C976 | D70: ='Повторное обучение и просрочка'!D976
A71: ='Повторное обучение и просрочка'!A977 | B71: ='Повторное обучение и просрочка'!B977 | C71: ='Повторное обучение и просрочка'!C977 | D71: ='Повторное обучение и просрочка'!D977
A72: ='Повторное обучение и просрочка'!A978 | B72: ='Повторное обучение и просрочка'!B978 | C72: ='Повторное обучение и просрочка'!C978 | D72: ='Повторное обучение и просрочка'!D978
A73: ='Повторное обучение и просрочка'!A979 | B73: ='Повторное обучение и просрочка'!B979 | C73: ='Повторное обучение и просрочка'!C979 | D73: ='Повторное обучение и просрочка'!D979
A74: ='Повторное обучение и просрочка'!A980 | B74: ='Повторное обучение и просрочка'!B980 | C74: ='Повторное обучение и просрочка'!C980 | D74: ='Повторное обучение и просрочка'!D980
A75: ='Повторное обучение и просрочка'!A981 | C75: ='Повторное обучение и просрочка'!C981 | D75: ='Повторное обучение и просрочка'!D981
A77: Распределение внутренний и внешний учебный центр
A78: Показатель | B78: Работников
A79: С красной отметкой: учились внутри, нужно было вовне | B79: ='Распределение внешний внутр УЦ'!B937
A80: С зелёной отметкой: учились вовне, можно было внутри | B80: ='Распределение внешний внутр УЦ'!B938
A82: Программа | B82: Красных: учились внутри, нужно вовне | C82: Зелёных: учились вовне, можно было внутри
A83: ='Распределение внешний внутр УЦ'!A942 | B83: =IF('Распределение внешний внутр УЦ'!B942="",0,'Распределение внешний внутр УЦ'!B942) | C83: =IF('Распределение внешний внутр УЦ'!C942="",0,'Распределение внешний внутр УЦ'!C942)
A84: ='Распределение внешний внутр УЦ'!A943 | B84: =IF('Распределение внешний внутр УЦ'!B943="",0,'Распределение внешний внутр УЦ'!B943) | C84: =IF('Распределение внешний внутр УЦ'!C943="",0,'Распределение внешний внутр УЦ'!C943)
A85: ='Распределение внешний внутр УЦ'!A944 | B85: =IF('Распределение внешний внутр УЦ'!B944="",0,'Распределение внешний внутр УЦ'!B944) | C85: =IF('Распределение внешний внутр УЦ'!C944="",0,'Распределение внешний внутр УЦ'!C944)
A86: ='Распределение внешний внутр УЦ'!A945 | B86: =IF('Распределение внешний внутр УЦ'!B945="",0,'Распределение внешний внутр УЦ'!B945) | C86: =IF('Распределение внешний внутр УЦ'!C945="",0,'Распределение внешний внутр УЦ'!C945)
A87: ='Распределение внешний внутр УЦ'!A946 | B87: =IF('Распределение внешний внутр УЦ'!B946="",0,'Распределение внешний внутр УЦ'!B946) | C87: =IF('Распределение внешний внутр УЦ'!C946="",0,'Распределение внешний внутр УЦ'!C946)
A88: ='Распределение внешний внутр УЦ'!A947 | B88: =IF('Распределение внешний внутр УЦ'!B947="",0,'Распределение внешний внутр УЦ'!B947) | C88: =IF('Распределение внешний внутр УЦ'!C947="",0,'Распределение внешний внутр УЦ'!C947)
A89: ='Распределение внешний внутр УЦ'!A948 | B89: =IF('Распределение внешний внутр УЦ'!B948="",0,'Распределение внешний внутр УЦ'!B948) | C89: =IF('Распределение внешний внутр УЦ'!C948="",0,'Распределение внешний внутр УЦ'!C948)
A90: ='Распределение внешний внутр УЦ'!A949 | B90: =IF('Распределение внешний внутр УЦ'!B949="",0,'Распределение внешний внутр УЦ'!B949) | C90: =IF('Распределение внешний внутр УЦ'!C949="",0,'Распределение внешний внутр УЦ'!C949)
A91: ='Распределение внешний внутр УЦ'!A950 | B91: =IF('Распределение внешний внутр УЦ'!B950="",0,'Распределение внешний внутр УЦ'!B950) | C91: =IF('Распределение внешний внутр УЦ'!C950="",0,'Распределение внешний внутр УЦ'!C950)
A92: ='Распределение внешний внутр УЦ'!A951 | B92: =IF('Распределение внешний внутр УЦ'!B951="",0,'Распределение внешний внутр УЦ'!B951) | C92: =IF('Распределение внешний внутр УЦ'!C951="",0,'Распределение внешний внутр УЦ'!C951)
A93: ='Распределение внешний внутр УЦ'!A952 | B93: =IF('Распределение внешний внутр УЦ'!B952="",0,'Распределение внешний внутр УЦ'!B952) | C93: =IF('Распределение внешний внутр УЦ'!C952="",0,'Распределение внешний внутр УЦ'!C952)
A94: ='Распределение внешний внутр УЦ'!A953 | B94: =IF('Распределение внешний внутр УЦ'!B953="",0,'Распределение внешний внутр УЦ'!B953) | C94: =IF('Распределение внешний внутр УЦ'!C953="",0,'Распределение внешний внутр УЦ'!C953)
... A96: ='Распределение внешний внутр УЦ'!A955 | B96: =IF('Распределение внешний внутр УЦ'!B955="",0,'Распределение внешний внутр УЦ'!B955) | C96: =IF('Распределение внешний внутр УЦ'!C955="",0,'Распределение внешний внутр УЦ'!C955)
A97: ='Распределение внешний внутр УЦ'!A956 | B97: ='Распределение внешний внутр УЦ'!B956 | C97: ='Распределение внешний внутр УЦ'!C956

Sheet Экономика
A1: Экономика
A2: Модель на базе реестра обученных лиц, без учёта текучки персонала. Голубые ячейки можно менять: от них пересчитываются затраты и стоимость потерянного времени. Норма рабочего времени принята 21 день по 8 часов. Стоимость потерянного времени = часы / норма часов в месяц × заработная плата одного работника. Одно обучение — отдельная дата проверки знаний. Оплата внешнему учебному центру — обучения в АНО ДПО «Перспектива», внутри — у ООО «Амур Золото».
A4: Исходные данные
A5: Показатель | B5: Количество
A6: Уникальных работников | B6: =Итог!B6
A7: Уникальных профессий | B7: =Итог!B7
A8: Назначений | B8: =Итог!B8
A9: Программ обучения | B9: =Итог!B9
A10: Обучений во внешнем учебном центре | B10: =Итог!B10
A11: Обучений внутри, у работодателя | B11: =Итог!B11
A12: Внешние и внутренние вместе | B12: =Итог!B12
A14: Условные данные
A15: Показатель | B15: Значение
A16: Заработная плата одного работника, руб. в месяц | B16: 100000
A17: Норма рабочего времени, часов в месяц | B17: 168
A18: Стоимость одного обучения одной человеко-программы, руб. | B18: 1500
A20: Длительность одной программы, часов
A21: Программа | B21: Часов
A22: 46а | B22: 16
A23: 46б | B23: 16
A24: Первая помощь | B24: 8
A25: СИЗ | B25: 4
A26: Высота | B26: 16
A27: ОЗП | B27: 16
A29: Избыток обучения: затраты и потерянное время
A30: Программа работнику не требовалась, поэтому в затратах каждое её обучение. На «Итог» это 110 человеко-программ и 102 работника. Здесь 119 обучений: у 9 работников лишняя программа пройдена дважды. Из них внешнему учебному центру оплачены 8 обучений (4 по 46а и 4 по первой помощи), остальные 111 — у работодателя.
A31: Программа | B31: Обучений | C31: Во внешнем учебном центре | D31: Внутри, у работодателя | E31: Затраты внешнему УЦ, руб. | F31: Затраты внутри, руб. | G31: Всего затрат на обучение, руб. | H31: Длительность, ч | I31: Потерянное время, ч | J31: Стоимость потерянного времени, руб.
A32: 46а | B32: 7 | C32: 4 | D32: =B32-C32 | E32: =C32*$B$18 | F32: =D32*$B$18 | G32: =E32+F32 | H32: =$B$22 | I32: =B32*H32 | J32: =IF($B$17=0,0,I32/$B$17*$B$16)
A33: 46б | B33: 0 | C33: 0 | D33: =B33-C33 | E33: =C33*$B$18 | F33: =D33*$B$18 | G33: =E33+F33 | H33: =$B$23 | I33: =B33*H33 | J33: =IF($B$17=0,0,I33/$B$17*$B$16)
A34: Первая помощь | B34: 25 | C34: 4 | D34: =B34-C34 | E34: =C34*$B$18 | F34: =D34*$B$18 | G34: =E34+F34 | H34: =$B$24 | I34: =B34*H34 | J34: =IF($B$17=0,0,I34/$B$17*$B$16)
A35: СИЗ | B35: 87 | C35: 0 | D35: =B35-C35 | E35: =C35*$B$18 | F35: =D35*$B$18 | G35: =E35+F35 | H35: =$B$25 | I35: =B35*H35 | J35: =IF($B$17=0,0,I35/$B$17*$B$16)
A36: Итого | B36: =SUM(B32:B35) | C36: =SUM(C32:C35) | D36: =SUM(D32:D35) | E36: =SUM(E32:E35) | F36: =SUM(F32:F35) | G36: =SUM(G32:G35) | I36: =SUM(I32:I35) | J36: =SUM(J32:J35)
A37: Затраты на обучение и потерянное время вместе, руб. | J37: =G36+J36
A39: Избыток повторного обучения: затраты и потерянное время
A40: Лишние повторы сверх личной нормы. Число обучений — формула со вкладки «Итог». Все эти обучения прошли у работодателя: внешний учебный центр был 26.05.2023, это первое обучение, в лишние оно не входит. 6 обучений (4 по СИЗ и 2 по первой помощи) относятся к работникам, которым сама программа не требовалась, и уже стоят в таблице избытка обучения выше. Две итоговые суммы лучше не складывать: эти 6 обучений попадут в обе.
A41: Программа | B41: Обучений | C41: Во внешнем учебном центре | D41: Внутри, у работодателя | E41: Затраты внешнему УЦ, руб. | F41: Затраты внутри, руб. | G41: Всего затрат на обучение, руб. | H41: Длительность, ч | I41: Потерянное время, ч | J41: Стоимость потерянного времени, руб.
A42: 46б | B42: =Итог!D70 | C42: 0 | D42: =B42-C42 | E42: =C42*$B$18 | F42: =D42*$B$18 | G42: =E42+F42 | H42: =$B$23 | I42: =B42*H42 | J42: =IF($B$17=0,0,I42/$B$17*$B$16)
A43: СИЗ | B43: =Итог!D71 | C43: 0 | D43: =B43-C43 | E43: =C43*$B$18 | F43: =D43*$B$18 | G43: =E43+F43 | H43: =$B$25 | I43: =B43*H43 | J43: =IF($B$17=0,0,I43/$B$17*$B$16)
A44: Первая помощь | B44: =Итог!D72 | C44: 0 | D44: =B44-C44 | E44: =C44*$B$18 | F44: =D44*$B$18 | G44: =E44+F44 | H44: =$B$24 | I44: =B44*H44 | J44: =IF($B$17=0,0,I44/$B$17*$B$16)
A45: Высота | B45: =Итог!D73 | C45: 0 | D45: =B45-C45 | E45: =C45*$B$18 | F45: =D45*$B$18 | G45: =E45+F45 | H45: =$B$26 | I45: =B45*H45 | J45: =IF($B$17=0,0,I45/$B$17*$B$16)
A46: ОЗП | B46: =Итог!D74 | C46: 0 | D46: =B46-C46 | E46: =C46*$B$18 | F46: =D46*$B$18 | G46: =E46+F46 | H46: =$B$27 | I46: =B46*H46 | J46: =IF($B$17=0,0,I46/$B$17*$B$16)
A47: Итого | B47: =SUM(B42:B46) | C47: =SUM(C42:C46) | D47: =SUM(D42:D46) | E47: =SUM(E42:E46) | F47: =SUM(F42:F46) | G47: =SUM(G42:G46) | I47: =SUM(I42:I46) | J47: =SUM(J42:J46)
A48: Затраты на обучение и потерянное время вместе, руб. | J48: =G47+J47

Sheet несоответствие ПП 2464
A1: Несоответствия процесса обучения Правилам обучения по охране труда, утв. Постановлением Правительства РФ от 24.12.2021 № 2464
A2: № | B2: Наблюдение | C2: Пункт Правил | D2: Требование ПП 2464
A3: 1 | B3: Протокол ЮГОК без номера от 19 марта 2026 года для Гыргенова, программа 46б, длительность 330 часов. | C3: п. 118, п. 46 | D3: В реестр обученных лиц передают номер протокола проверки знания. Протокол без номера это требование не выполняет. Продолжительность программы 46б — не менее 16 часов; верхнего предела нет, поэтому 330 часов сами по себе норме не противоречат.
A4: 2 | B4: Нет номера записи в реестре. Протокол ЮГОК ПГУ 26-40, по программе 46б указано 77 часов. | C4: п. 92 | D4: Регистрационный номер записи о прохождении проверки знания в реестре обученных лиц указывают в протоколе либо прикладывают подписанную электронной подписью выписку из реестра. 77 часов больше минимума в 16 часов и сами по себе не нарушение.
A5: 3 | B5: К протоколу ЮГОК ПГУ 26-40 приложен лист стажировки: стажировку начали раньше, чем проверку знания. | C5: п. 25, п. 67 | D5: К стажировке допускают работников, которые уже успешно прошли инструктаж по охране труда и обучение требованиям охраны труда по программам пункта 46. Обучение требованиям охраны труда заканчивается проверкой знания.
A6: 4 | B6: Программы стажировки не подписаны и не утверждены (подпись отсутствует) | C6: п. 28 | D6: Программу стажировки на рабочем месте или иной локальный акт, которым задан ее объем, утверждает работодатель.
A7: 5 | B7: Программа 46а с 2023 года не утверждена. | C7: п. 48 | D7: Программу обучения требованиям охраны труда утверждает руководитель обучающей организации либо работодатель, если обучение проводит он.
A8: 6 | B8: На месте проведения обучения отсутствует и дополнительно не предоставлена программа 46б. | C8: п. 48, п. 96 | D8: Программа обучения требованиям охраны труда должна быть разработана и утверждена. Работодатель, который обучает своих работников, обязан иметь программы и учебные материалы для каждой программы.
A9: 7 | B9: В журнале первичного инструктажа на рабочем месте даты идут не в хронологическом порядке, имеются склеенные листы. | C9: п. 87, п. 88 | D9: При регистрации инструктажа на рабочем месте указывают дату его проведения и остальные обязательные сведения. Порядок регистрации и форму утверждает работодатель. Запись должна позволять установить фактическую дату.
A10: 8 | B10: Внеплановый инструктаж в связи с изменениями НПА в сентябре 2026 не проводился | C10: п. 16, п. 17 | D10: Внеплановый инструктаж проводят, в частности, при изменении нормативных и локальных актов, которые затрагивают требования охраны труда и трудовые функции работника. Объем и сроки задает локальный акт работодателя.
A11: 9 | B11: При проведении инструктажа на рабочем месте не осуществляется проверка знаний | C11: п. 23, п. 67, п. 70 | D11: Инструктаж по охране труда заканчивается проверкой знания требований охраны труда. Обучение по охране труда тоже завершается проверкой знания.
A12: 10 | B12: В отдельных протоколах проверки знания отсутствуют подписи обученных (см. Приложение) | C12: п. 93, п. 92 | D12: Протокол подписывают председатель и члены комиссии. В протоколе также должна быть подпись работника, прошедшего проверку знания.
A13: 11 | B13: Протокол ЮГОК ЭУ 26-26: программу 46б прошли по инструкции по охране труда. | C13: п. 46, п. 48, п. 18 | D13: Программа 46б — обучение безопасным методам при вредных и опасных факторах продолжительностью не менее 16 часов. Ее разрабатывают по примерному перечню тем и утверждают. Инструкция по охране труда задает объем инструктажа на рабочем месте и программу 46б не заменяет.

Sheet варианты решений
A1: Пути развития процесса обучения
A2: № | B2: Наименование способа | C2: Необходимые действия | D2: Ресурсы. Способы достижения цели
A3: 1 | B3: Минимальный | C3: Приведение в соответствие процесса планирования обучения, устранение недостатков обучения согласно анализу реестра обученных лиц, исключение избытка обучения в будущем периоде. | D3: 1. Автоматизация процесса 2. Закрепление ответственных по процессу, регулярный контроль
A4: 2 | B4: Системный | C4: Необходимо в минимальном объеме откорректировать внутренний порядок обучения и обеспечить его внедрение. Особую роль уделить распределению ответственности. Создать матрицу ответственности по процессам. | D4: Административный ресурс
A5: 3 | B5: Обеспечение качества процесса | D5: 1. Оснащение учебного класса 2. Адаптация программ обучения 3. Выделение человеческих ресурсов для проведения обучения в достаточном объеме 4. Взаимодействие с подрядчиком в части содержания программ обучения

Sheet Сопоставление ФИО
A1: Сопоставление нового обозначения с кодом из реестра. Номер дан по порядку первого появления работника на вкладке «Исходные данные». Проверка дублей: 932 разных кода, одинаковых фамилии и имени под разными кодами нет, каждому коду один номер. На остальных вкладках фамилий, имён и кодов нет.
A2: FIO | B2: Фамилия КОД
A3: работник 1 | B3: АТЛогачев7ВалерийП
A4: работник 2 | B4: АТСлупский7МихаилП
A5: работник 3 | B5: АТКуликов7КонстантинП
A6: работник 4 | B6: АТМинюшин7ВалерийП
A7: работник 5 | B7: АТАрхипов7ВиталийП
A8: работник 6 | B8: АТПенцак7ЯрославП
A9: работник 7 | B9: АТУльябаев7ИсламП
A10: работник 8 | B10: АТЕлгин7АлександрП
A11: работник 9 | B11: АТОнбаев7ЕрланП
A12: работник 10 | B12: АТСвятов7ПавелП
A13: работник 11 | B13: АТШималин7ДмитрийП
... A934: работник 932 | B934: АТЗыков7ВладиславП
A935: Итого | B935: =COUNTA(B3:B934)
